run_id,coating_gap,position,frame_number,defect_ratio,moving_average,ewma,ucl,center,label_crack,label_delam,label_pinhole
R1,600,top-to-bottom-center,0,0.0286,0.0286,0.0391,0.1752,0.0418,0,0,1
R1,600,top-to-bottom-center,0,0.0857,0.0571,0.0484,0.1752,0.0418,0,0,1
R1,600,top-to-bottom-center,0,0.0714,0.0619,0.053,0.1752,0.0418,0,0,1
R1,600,top-to-bottom-center,0,0.3,0.1214,0.1024,0.1752,0.0418,0,0,1
R1,600,top-to-bottom-center,0,0.0571,0.1086,0.0934,0.1752,0.0418,0,0,1
R1,600,top-to-bottom-center,36,0.0714,0.1024,0.089,0.1752,0.0418,0,0,1
R1,600,top-to-bottom-center,36,0.0429,0.0939,0.0798,0.1752,0.0418,0,0,0
R1,600,top-to-bottom-center,36,0.1571,0.1018,0.0952,0.1752,0.0418,0,0,1
R1,600,top-to-bottom-center,36,0.0571,0.0968,0.0876,0.1752,0.0418,0,0,1
R1,600,top-to-bottom-center,36,0.0571,0.0929,0.0815,0.1752,0.0418,0,0,1
R1,600,top-to-bottom-center,41,0.0143,0.0857,0.0681,0.1752,0.0418,0,0,1
R1,600,top-to-bottom-center,41,0.1286,0.0893,0.0802,0.1752,0.0418,0,0,1
R1,600,top-to-bottom-center,41,0.0143,0.0835,0.067,0.1752,0.0418,0,0,1
R1,600,top-to-bottom-center,45,0.0286,0.0796,0.0593,0.1752,0.0418,0,0,1
R1,600,top-to-bottom-center,45,0.0429,0.0771,0.056,0.1752,0.0418,0,0,1
R1,600,top-to-bottom-center,45,0.1,0.0819,0.0648,0.1752,0.0418,0,0,0
R1,600,top-to-bottom-center,51,0.0143,0.0771,0.0547,0.1752,0.0418,0,0,1
R1,600,top-to-bottom-center,51,0.0286,0.0743,0.0495,0.1752,0.0418,0,0,0
R1,600,top-to-bottom-center,51,0.0571,0.0581,0.051,0.1752,0.0418,0,0,0
R1,600,top-to-bottom-center,51,0.0,0.0543,0.0408,0.1752,0.0418,0,0,1
R1,600,top-to-bottom-center,52,0.0143,0.0505,0.0355,0.1752,0.0418,0,0,1
R1,600,top-to-bottom-center,52,0.0571,0.0514,0.0398,0.1752,0.0418,0,0,0
R1,600,top-to-bottom-center,52,0.0143,0.0419,0.0347,0.1752,0.0418,0,0,1
R1,600,top-to-bottom-center,52,0.0286,0.04,0.0335,0.1752,0.0418,0,0,0
R1,600,top-to-bottom-center,53,0.0286,0.0381,0.0325,0.1752,0.0418,0,0,1
R1,600,top-to-bottom-center,53,0.0429,0.04,0.0346,0.1752,0.0418,0,0,1
R1,600,top-to-bottom-center,53,0.0143,0.0324,0.0305,0.1752,0.0418,0,0,1
R1,600,top-to-bottom-center,53,0.0571,0.0352,0.0358,0.1752,0.0418,0,0,0
R1,600,top-to-bottom-center,58,0.0714,0.0381,0.043,0.1752,0.0418,0,0,0
R1,600,top-to-bottom-center,58,0.0143,0.0362,0.0372,0.1752,0.0418,0,0,1
R1,600,top-to-bottom-center,58,0.0286,0.0314,0.0355,0.1752,0.0418,0,0,1
R1,600,top-to-bottom-center,58,0.0286,0.0324,0.0341,0.1752,0.0418,0,0,1
R1,600,top-to-bottom-center,61,0.0286,0.0324,0.033,0.1752,0.0418,0,0,0
R1,600,top-to-bottom-center,61,0.0143,0.0295,0.0293,0.1752,0.0418,0,0,1
R1,600,top-to-bottom-center,61,0.0429,0.0324,0.032,0.1752,0.0418,0,0,0
R1,600,top-to-bottom-center,61,0.0143,0.0324,0.0284,0.1752,0.0418,0,0,1
R1,600,top-to-bottom-center,61,0.0286,0.0305,0.0285,0.1752,0.0418,0,0,1
R1,600,top-to-bottom-center,63,0.0714,0.0343,0.0371,0.1752,0.0418,0,0,0
R1,600,top-to-bottom-center,63,0.0,0.0324,0.0296,0.1752,0.0418,0,0,0
R1,600,top-to-bottom-center,63,0.0143,0.0314,0.0266,0.1752,0.0418,0,0,1
R1,600,top-to-bottom-center,63,0.0,0.0286,0.0213,0.1752,0.0418,0,0,1
R1,600,top-to-bottom-center,63,0.0143,0.0286,0.0199,0.1752,0.0418,0,0,1
R1,600,top-to-bottom-center,70,0.0429,0.0276,0.0245,0.1752,0.0418,0,0,1
R1,600,top-to-bottom-center,70,0.0714,0.0276,0.0339,0.1752,0.0418,0,0,0
R1,600,top-to-bottom-center,70,0.0,0.0267,0.0271,0.1752,0.0418,0,0,0
R1,600,top-to-bottom-center,70,0.0143,0.0257,0.0245,0.1752,0.0418,0,0,1
R1,600,top-to-bottom-center,75,0.0286,0.0257,0.0253,0.1752,0.0418,0,0,0
R1,600,top-to-bottom-center,75,0.0714,0.0286,0.0346,0.1752,0.0418,0,0,1
R1,600,top-to-bottom-center,75,0.0143,0.0286,0.0305,0.1752,0.0418,0,0,1
R1,600,top-to-bottom-center,79,0.0429,0.0286,0.033,0.1752,0.0418,0,0,0
R1,600,top-to-bottom-center,79,0.1714,0.039,0.0607,0.1752,0.0418,0,0,1
R1,600,top-to-bottom-center,79,0.0286,0.039,0.0542,0.1752,0.0418,0,0,1
R1,600,top-to-bottom-center,79,0.0571,0.0381,0.0548,0.1752,0.0418,0,0,0
R1,600,top-to-bottom-center,87,0.0571,0.0419,0.0553,0.1752,0.0418,0,0,0
R1,600,top-to-bottom-center,87,0.0286,0.0429,0.0499,0.1752,0.0418,0,0,1
R1,600,top-to-bottom-center,87,0.0286,0.0448,0.0457,0.1752,0.0418,0,0,1
R1,600,top-to-bottom-center,104,0.0286,0.0457,0.0423,0.1752,0.0418,0,0,1
R1,600,top-to-bottom-center,104,0.1,0.0495,0.0538,0.1752,0.0418,0,0,1
R1,600,top-to-bottom-center,114,0.0286,0.0467,0.0488,0.1752,0.0418,0,0,1
R1,600,top-to-bottom-center,114,0.0143,0.0476,0.0419,0.1752,0.0418,0,0,0
R1,600,top-to-bottom-center,119,0.0143,0.0476,0.0363,0.1752,0.0418,0,0,1
R1,600,top-to-bottom-center,127,0.0,0.0457,0.0291,0.1752,0.0418,0,0,0
R1,600,top-to-bottom-center,140,0.0,0.041,0.0233,0.1752,0.0418,0,0,0
R1,600,top-to-bottom-center,140,0.1143,0.0476,0.0415,0.1752,0.0418,0,0,0
R1,600,top-to-bottom-center,140,0.0143,0.0457,0.036,0.1752,0.0418,0,0,1
R1,600,top-to-bottom-center,140,0.0,0.0343,0.0288,0.1752,0.0418,0,0,0
R1,600,top-to-bottom-center,140,0.0143,0.0333,0.0259,0.1752,0.0418,0,0,1
R1,600,top-to-bottom-center,143,0.0143,0.0305,0.0236,0.1752,0.0418,0,0,1
R1,600,top-to-bottom-center,143,0.0286,0.0286,0.0246,0.1752,0.0418,0,0,1
R1,600,top-to-bottom-center,143,0.1429,0.0362,0.0482,0.1752,0.0418,0,0,0
R1,600,top-to-bottom-center,143,0.0143,0.0352,0.0414,0.1752,0.0418,0,0,0
R1,600,top-to-bottom-center,143,0.0,0.0333,0.0332,0.1752,0.0418,0,0,1
R1,600,top-to-bottom-center,152,0.0857,0.0324,0.0437,0.1752,0.0418,0,0,1
R1,600,top-to-bottom-center,152,0.0429,0.0333,0.0435,0.1752,0.0418,0,0,1
R1,600,top-to-bottom-center,152,0.0286,0.0343,0.0405,0.1752,0.0418,0,0,1
R1,600,top-to-bottom-center,165,0.0,0.0333,0.0324,0.1752,0.0418,0,0,0
R1,600,top-to-bottom-center,165,0.0286,0.0352,0.0316,0.1752,0.0418,0,0,1
R1,600,top-to-bottom-center,165,0.0143,0.0362,0.0282,0.1752,0.0418,0,0,1
R1,600,top-to-bottom-center,165,0.0571,0.0324,0.034,0.1752,0.0418,0,0,0
R1,600,top-to-bottom-center,174,0.0429,0.0343,0.0357,0.1752,0.0418,0,0,1
R1,600,top-to-bottom-center,174,0.0429,0.0371,0.0372,0.1752,0.0418,0,0,0
R1,600,top-to-bottom-center,174,0.0143,0.0371,0.0326,0.1752,0.0418,0,0,1
R1,600,top-to-bottom-center,182,0.0286,0.0381,0.0318,0.1752,0.0418,0,0,1
R1,600,top-to-bottom-center,182,0.0857,0.0419,0.0426,0.1752,0.0418,0,0,1
R1,600,top-to-bottom-center,182,0.0571,0.0362,0.0455,0.1752,0.0418,0,0,1
R1,600,top-to-bottom-center,199,0.0143,0.0362,0.0392,0.1752,0.0418,0,0,1
R1,600,top-to-bottom-center,199,0.0,0.0362,0.0314,0.1752,0.0418,0,0,0
R1,600,top-to-bottom-center,199,0.0286,0.0324,0.0308,0.1752,0.0418,0,0,1
R1,600,top-to-bottom-center,199,0.0429,0.0324,0.0332,0.1752,0.0418,0,0,1
R1,600,top-to-bottom-center,199,0.0143,0.0314,0.0294,0.1752,0.0418,0,0,0
R1,600,top-to-bottom-center,201,0.0,0.0314,0.0236,0.1752,0.0418,0,0,0
R1,600,top-to-bottom-center,201,0.0143,0.0305,0.0217,0.1752,0.0418,0,0,1
R1,600,top-to-bottom-center,201,0.0143,0.0305,0.0202,0.1752,0.0418,0,0,1
R1,600,top-to-bottom-center,201,0.0143,0.0276,0.019,0.1752,0.0418,0,0,0
R1,600,top-to-bottom-center,201,0.0286,0.0267,0.0209,0.1752,0.0418,0,0,1
R1,600,top-to-bottom-center,203,0.0143,0.0248,0.0196,0.1752,0.0418,0,0,1
R1,600,top-to-bottom-center,203,0.0143,0.0248,0.0185,0.1752,0.0418,0,0,1
R1,600,top-to-bottom-center,203,0.0143,0.0238,0.0177,0.1752,0.0418,0,0,0
R1,600,top-to-bottom-center,203,0.0143,0.019,0.017,0.1752,0.0418,0,0,1
R1,600,top-to-bottom-center,203,0.0286,0.0171,0.0193,0.1752,0.0418,0,0,1
R1,600,top-to-bottom-center,222,0.0143,0.0171,0.0183,0.1752,0.0418,0,0,1
R1,600,top-to-bottom-center,222,0.0429,0.02,0.0232,0.1752,0.0418,0,0,1
R1,600,top-to-bottom-center,237,0.0286,0.02,0.0243,0.1752,0.0418,0,0,1
R1,600,top-to-bottom-center,237,0.0286,0.019,0.0251,0.1752,0.0418,0,0,0
R1,600,top-to-bottom-center,271,0.0429,0.021,0.0287,0.1752,0.0418,0,0,1
R1,600,top-to-bottom-center,271,0.0,0.021,0.023,0.1752,0.0418,0,0,0
R1,600,top-to-bottom-center,274,0.0,0.02,0.0184,0.1752,0.0418,0,0,0
R1,600,top-to-bottom-center,274,0.0286,0.021,0.0204,0.1752,0.0418,0,0,1
R1,600,top-to-bottom-center,274,0.0,0.02,0.0163,0.1752,0.0418,0,0,0
R1,600,top-to-bottom-center,279,0.0143,0.019,0.0159,0.1752,0.0418,0,0,1
R1,600,top-to-bottom-center,279,0.0,0.0181,0.0127,0.1752,0.0418,0,0,0
R1,600,top-to-bottom-center,299,0.0286,0.019,0.0159,0.1752,0.0418,0,0,1
R1,600,top-to-bottom-center,308,0.0429,0.021,0.0213,0.1752,0.0418,0,0,1
R1,600,top-to-bottom-center,311,0.0286,0.0219,0.0227,0.1752,0.0418,0,0,1
R1,600,top-to-bottom-center,311,0.0429,0.0229,0.0268,0.1752,0.0418,0,0,1
R1,600,top-to-bottom-center,314,0.0286,0.0238,0.0271,0.1752,0.0418,0,0,1
R1,600,top-to-bottom-center,314,0.0429,0.0238,0.0303,0.1752,0.0418,0,0,0
R1,600,top-to-bottom-center,356,0.2429,0.0381,0.0728,0.1752,0.0418,1,0,0
R1,600,top-to-bottom-center,356,0.6286,0.0781,0.1839,0.1752,0.0418,1,0,0
R1,600,top-to-bottom-center,356,0.7857,0.1276,0.3043,0.1752,0.0418,1,0,0
R1,600,top-to-bottom-center,356,0.4429,0.1571,0.332,0.1752,0.0418,1,0,0
R1,600,top-to-bottom-center,356,0.8429,0.2133,0.4342,0.1752,0.0418,1,0,1
R1,600,top-to-bottom-center,356,0.5143,0.2457,0.4502,0.1752,0.0418,1,0,0
R1,600,top-to-bottom-center,356,0.0143,0.2467,0.363,0.1752,0.0418,0,0,0
R1,600,top-to-bottom-center,372,0.6429,0.2886,0.419,0.1752,0.0418,1,0,1
R1,600,top-to-bottom-center,372,0.6286,0.3305,0.4609,0.1752,0.0418,1,0,0
R1,600,top-to-bottom-center,372,0.3,0.3486,0.4287,0.1752,0.0418,1,0,0
R1,600,top-to-bottom-center,372,0.3,0.3657,0.403,0.1752,0.0418,1,0,0
R1,600,top-to-bottom-center,372,0.5714,0.4019,0.4367,0.1752,0.0418,1,0,0
R1,600,top-to-bottom-center,372,0.6286,0.441,0.475,0.1752,0.0418,1,0,0
R1,600,top-to-bottom-center,372,0.6143,0.48,0.5029,0.1752,0.0418,1,0,0
R1,600,top-to-bottom-center,372,0.5857,0.5162,0.5195,0.1752,0.0418,1,0,0
R1,600,top-to-bottom-center,372,0.7714,0.5514,0.5699,0.1752,0.0418,1,0,1
R1,600,top-to-bottom-center,376,0.5286,0.5448,0.5616,0.1752,0.0418,1,0,0
R1,600,top-to-bottom-center,376,0.6571,0.5362,0.5807,0.1752,0.0418,1,0,1
R1,600,top-to-bottom-center,376,0.7286,0.5552,0.6103,0.1752,0.0418,1,0,1
R1,600,top-to-bottom-center,376,0.8429,0.5552,0.6568,0.1752,0.0418,1,0,0
R1,600,top-to-bottom-center,376,0.5571,0.5581,0.6369,0.1752,0.0418,1,0,0
R1,600,top-to-bottom-center,376,0.3714,0.5819,0.5838,0.1752,0.0418,1,0,0
R1,600,top-to-bottom-center,376,0.7143,0.5867,0.6099,0.1752,0.0418,1,0,0
R1,600,top-to-bottom-center,376,0.7571,0.5952,0.6393,0.1752,0.0418,1,0,0
R1,600,top-to-bottom-center,376,0.4571,0.6057,0.6029,0.1752,0.0418,1,0,0
R1,600,top-to-bottom-center,387,0.7571,0.6362,0.6337,0.1752,0.0418,1,0,0
R1,600,top-to-bottom-center,387,0.1,0.6048,0.527,0.1752,0.0418,1,0,0
R1,600,top-to-bottom-center,387,0.4857,0.5952,0.5187,0.1752,0.0418,1,0,0
R1,600,top-to-bottom-center,387,0.3429,0.5771,0.4836,0.1752,0.0418,1,0,0
R1,600,top-to-bottom-center,387,0.0714,0.5429,0.4011,0.1752,0.0418,1,0,0
R1,600,top-to-bottom-center,387,0.2714,0.5095,0.3752,0.1752,0.0418,1,0,1
R1,600,top-to-bottom-center,387,0.5714,0.5124,0.4144,0.1752,0.0418,1,0,0
R1,600,top-to-bottom-center,387,0.3857,0.4943,0.4087,0.1752,0.0418,1,0,0
R1,600,top-to-bottom-center,387,0.2286,0.461,0.3727,0.1752,0.0418,1,0,0
R1,600,top-to-bottom-center,394,0.2286,0.42,0.3439,0.1752,0.0418,1,0,0
R1,600,top-to-bottom-center,394,0.1,0.3895,0.2951,0.1752,0.0418,1,0,0
R1,600,top-to-bottom-center,394,0.2,0.3781,0.2761,0.1752,0.0418,1,0,1
R1,600,top-to-bottom-center,394,0.4429,0.36,0.3094,0.1752,0.0418,1,0,0
R1,600,top-to-bottom-center,394,0.4429,0.339,0.3361,0.1752,0.0418,1,0,0
R1,600,top-to-bottom-center,394,0.2714,0.3267,0.3232,0.1752,0.0418,1,0,0
R1,600,top-to-bottom-center,394,0.2143,0.2905,0.3014,0.1752,0.0418,1,0,0
R1,600,top-to-bottom-center,394,0.0571,0.2876,0.2525,0.1752,0.0418,1,0,0
R1,600,top-to-bottom-center,403,0.0,0.2552,0.202,0.1752,0.0418,1,0,0
R1,600,top-to-bottom-center,403,0.0429,0.2352,0.1702,0.1752,0.0418,1,0,0
R1,600,top-to-bottom-center,403,0.1429,0.24,0.1647,0.1752,0.0418,1,0,1
R1,600,top-to-bottom-center,407,0.1714,0.2333,0.1661,0.1752,0.0418,1,0,1
R1,600,top-to-bottom-center,407,0.0571,0.199,0.1443,0.1752,0.0418,1,0,0
R1,600,top-to-bottom-center,408,0.2,0.1867,0.1554,0.1752,0.0418,1,0,0
R1,600,top-to-bottom-center,408,0.1286,0.18,0.1501,0.1752,0.0418,1,0,0
R1,600,top-to-bottom-center,408,0.2857,0.1838,0.1772,0.1752,0.0418,1,0,1
R1,600,top-to-bottom-center,408,0.0286,0.179,0.1475,0.1752,0.0418,1,0,0
R1,600,top-to-bottom-center,408,0.2286,0.181,0.1637,0.1752,0.0418,1,0,1
R1,600,top-to-bottom-center,408,0.0571,0.1552,0.1424,0.1752,0.0418,1,0,0
R1,600,top-to-bottom-center,408,0.0143,0.1267,0.1168,0.1752,0.0418,1,0,0
R1,600,top-to-bottom-center,408,0.1714,0.12,0.1277,0.1752,0.0418,1,0,0
R1,600,top-to-bottom-center,412,0.3571,0.1295,0.1736,0.1752,0.0418,1,0,0
R1,600,top-to-bottom-center,412,0.2286,0.141,0.1846,0.1752,0.0418,1,0,0
R1,600,top-to-bottom-center,412,0.3,0.161,0.2077,0.1752,0.0418,1,0,0
R1,600,top-to-bottom-center,412,0.2,0.1714,0.2061,0.1752,0.0418,1,0,0
R1,600,top-to-bottom-center,412,0.1,0.1686,0.1849,0.1752,0.0418,1,0,0
R1,600,top-to-bottom-center,412,0.1,0.1638,0.1679,0.1752,0.0418,1,0,0
R1,600,top-to-bottom-center,412,0.2714,0.1781,0.1886,0.1752,0.0418,1,0,0
R1,600,top-to-bottom-center,412,0.3143,0.1857,0.2138,0.1752,0.0418,1,0,0
R1,600,top-to-bottom-center,412,0.1,0.1838,0.191,0.1752,0.0418,1,0,0
R1,600,top-to-bottom-center,418,0.1286,0.1733,0.1785,0.1752,0.0418,1,0,0
R1,600,top-to-bottom-center,418,0.0571,0.1752,0.1542,0.1752,0.0418,1,0,0
R1,600,top-to-bottom-center,418,0.1429,0.1695,0.152,0.1752,0.0418,1,0,0
R1,600,top-to-bottom-center,418,0.0286,0.1676,0.1273,0.1752,0.0418,1,0,0
R1,600,top-to-bottom-center,418,0.0857,0.1724,0.119,0.1752,0.0418,1,0,0
R1,600,top-to-bottom-center,432,0.0571,0.1648,0.1066,0.1752,0.0418,1,0,0
R1,600,top-to-bottom-center,432,0.0571,0.1448,0.0967,0.1752,0.0418,0,0,0
R1,600,top-to-bottom-center,432,0.0143,0.1305,0.0802,0.1752,0.0418,1,0,0
R1,600,top-to-bottom-center,432,0.2,0.1238,0.1042,0.1752,0.0418,1,0,0
R1,600,top-to-bottom-center,457,0.0429,0.1133,0.0919,0.1752,0.0418,1,0,1
R1,600,top-to-bottom-center,457,0.0714,0.1114,0.0878,0.1752,0.0418,1,0,0
R1,600,top-to-bottom-center,457,0.0714,0.1095,0.0845,0.1752,0.0418,1,0,0
R1,600,top-to-bottom-center,457,0.0429,0.0943,0.0762,0.1752,0.0418,1,0,0
R1,600,top-to-bottom-center,457,0.0429,0.0762,0.0695,0.1752,0.0418,1,0,0
R1,600,top-to-bottom-center,459,0.0714,0.0743,0.0699,0.1752,0.0418,1,0,0
R1,600,top-to-bottom-center,459,0.0714,0.0705,0.0702,0.1752,0.0418,1,0,0
R1,600,top-to-bottom-center,459,0.0571,0.0705,0.0676,0.1752,0.0418,1,0,1
R1,600,top-to-bottom-center,459,0.0143,0.0619,0.0569,0.1752,0.0418,1,0,0
R1,600,top-to-bottom-center,459,0.0714,0.0648,0.0598,0.1752,0.0418,1,0,0
R1,600,top-to-bottom-center,459,0.0429,0.0619,0.0564,0.1752,0.0418,1,0,0
R1,600,top-to-bottom-center,459,0.0571,0.0619,0.0566,0.1752,0.0418,1,0,0
R1,600,top-to-bottom-center,464,0.0714,0.0629,0.0596,0.1752,0.0418,1,0,0
R1,600,top-to-bottom-center,464,0.0714,0.0667,0.0619,0.1752,0.0418,1,0,1
R1,600,top-to-bottom-center,477,0.0714,0.0581,0.0638,0.1752,0.0418,0,0,1
R1,600,top-to-bottom-center,477,0.0571,0.059,0.0625,0.1752,0.0418,1,0,0
R1,600,top-to-bottom-center,486,0.0286,0.0562,0.0557,0.1752,0.0418,0,0,1
R1,600,top-to-bottom-center,486,0.0429,0.0543,0.0531,0.1752,0.0418,1,0,0
R1,600,top-to-bottom-center,511,0.2143,0.0657,0.0854,0.1752,0.0418,1,0,0
R1,600,top-to-bottom-center,511,0.1286,0.0714,0.094,0.1752,0.0418,1,0,0
R1,600,top-to-bottom-center,511,0.1571,0.0771,0.1066,0.1752,0.0418,1,0,0
R1,600,top-to-bottom-center,511,0.0429,0.0752,0.0939,0.1752,0.0418,1,0,0
R1,600,top-to-bottom-center,511,0.0143,0.0724,0.078,0.1752,0.0418,1,0,0
R1,600,top-to-bottom-center,525,0.0286,0.0733,0.0681,0.1752,0.0418,1,0,0
R1,600,top-to-bottom-center,525,0.0429,0.0714,0.063,0.1752,0.0418,1,0,1
R1,600,top-to-bottom-center,525,0.1,0.0752,0.0704,0.1752,0.0418,1,0,0
R1,600,top-to-bottom-center,526,0.1286,0.08,0.0821,0.1752,0.0418,1,0,0
R1,600,top-to-bottom-center,526,0.1429,0.0848,0.0942,0.1752,0.0418,1,0,1
R1,600,top-to-bottom-center,526,0.0429,0.0829,0.0839,0.1752,0.0418,1,0,0
R1,600,top-to-bottom-center,526,0.0429,0.081,0.0757,0.1752,0.0418,0,0,0
R1,600,top-to-bottom-center,526,0.0571,0.081,0.072,0.1752,0.0418,1,0,0
R1,600,top-to-bottom-center,526,0.1,0.0857,0.0776,0.1752,0.0418,1,0,0
R1,600,top-to-bottom-center,526,0.1,0.0895,0.0821,0.1752,0.0418,1,0,0
R1,600,top-to-bottom-center,526,0.1143,0.0829,0.0885,0.1752,0.0418,1,0,0
R1,600,top-to-bottom-center,553,0.0857,0.08,0.088,0.1752,0.0418,1,0,1
R1,600,top-to-bottom-center,553,0.0429,0.0724,0.0789,0.1752,0.0418,1,0,0
R1,600,top-to-bottom-center,555,0.1286,0.0781,0.0889,0.1752,0.0418,0,0,1
R1,600,top-to-bottom-center,555,0.0429,0.08,0.0797,0.1752,0.0418,0,0,0
R1,600,top-to-bottom-center,567,0.1571,0.0886,0.0952,0.1752,0.0418,1,0,0
R1,600,top-to-bottom-center,567,0.0143,0.0867,0.079,0.1752,0.0418,0,0,0
R1,600,top-to-bottom-center,567,0.1143,0.0876,0.086,0.1752,0.0418,1,0,0
R1,600,top-to-bottom-center,569,0.2143,0.0933,0.1117,0.1752,0.0418,1,0,0
R1,600,top-to-bottom-center,569,0.1857,0.0962,0.1265,0.1752,0.0418,1,0,0
R1,600,top-to-bottom-center,569,0.1286,0.1019,0.1269,0.1752,0.0418,1,0,0
R1,600,top-to-bottom-center,569,0.4,0.1257,0.1815,0.1752,0.0418,1,0,1
R1,600,top-to-bottom-center,569,0.1143,0.1295,0.1681,0.1752,0.0418,1,0,0
R1,600,top-to-bottom-center,569,0.2429,0.139,0.183,0.1752,0.0418,1,0,0
R1,600,top-to-bottom-center,569,0.2,0.1457,0.1864,0.1752,0.0418,1,0,1
R1,600,top-to-bottom-center,569,0.1286,0.1467,0.1749,0.1752,0.0418,1,0,0
R1,600,top-to-bottom-center,569,0.2143,0.1552,0.1827,0.1752,0.0418,1,0,1
R1,600,top-to-bottom-center,586,0.1143,0.16,0.1691,0.1752,0.0418,1,0,0
R1,600,top-to-bottom-center,586,0.3143,0.1724,0.1981,0.1752,0.0418,1,0,1
R1,600,top-to-bottom-center,586,0.2,0.1829,0.1985,0.1752,0.0418,1,0,0
R1,600,top-to-bottom-center,586,0.1286,0.181,0.1845,0.1752,0.0418,1,0,0
R1,600,top-to-bottom-center,586,0.2,0.1933,0.1876,0.1752,0.0418,1,0,1
R1,600,top-to-bottom-center,586,0.1714,0.1971,0.1844,0.1752,0.0418,1,0,0
R1,600,top-to-bottom-center,586,0.1714,0.1943,0.1818,0.1752,0.0418,1,0,0
R1,600,top-to-bottom-center,586,0.1857,0.1943,0.1826,0.1752,0.0418,1,0,0
R1,600,top-to-bottom-center,586,0.1857,0.1981,0.1832,0.1752,0.0418,1,0,0
R1,600,top-to-bottom-center,591,0.2286,0.1867,0.1923,0.1752,0.0418,1,0,1
R1,600,top-to-bottom-center,594,0.3,0.199,0.2138,0.1752,0.0418,1,0,1
R1,600,top-to-bottom-center,594,0.2714,0.201,0.2253,0.1752,0.0418,1,0,0
R1,600,top-to-bottom-center,594,0.2143,0.2019,0.2231,0.1752,0.0418,1,0,0
R1,600,top-to-bottom-center,594,0.0714,0.1981,0.1928,0.1752,0.0418,1,0,0
R1,600,top-to-bottom-center,594,0.1857,0.1962,0.1914,0.1752,0.0418,1,0,0
R1,600,top-to-bottom-center,594,0.3857,0.2143,0.2302,0.1752,0.0418,1,0,0
R1,600,top-to-bottom-center,594,0.2,0.2067,0.2242,0.1752,0.0418,1,0,0
R1,600,top-to-bottom-center,594,0.2286,0.2086,0.2251,0.1752,0.0418,1,0,1
R1,600,top-to-bottom-center,594,0.1,0.2067,0.2001,0.1752,0.0418,1,0,0
R1,600,top-to-bottom-center,596,0.2857,0.2124,0.2172,0.1752,0.0418,1,0,0
R1,600,top-to-bottom-center,596,0.2714,0.219,0.228,0.1752,0.0418,1,0,0
R1,600,top-to-bottom-center,596,0.1714,0.219,0.2167,0.1752,0.0418,1,0,0
R1,600,top-to-bottom-center,596,0.1286,0.2152,0.1991,0.1752,0.0418,1,0,0
R1,600,top-to-bottom-center,596,0.3,0.2229,0.2193,0.1752,0.0418,1,0,1
R1,600,top-to-bottom-center,596,0.2571,0.2248,0.2268,0.1752,0.0418,1,0,0
R1,600,top-to-bottom-center,596,0.2857,0.2238,0.2386,0.1752,0.0418,1,0,0
R1,600,top-to-bottom-center,596,0.5286,0.241,0.2966,0.1752,0.0418,1,0,1
R1,600,top-to-bottom-center,596,0.5,0.26,0.3373,0.1752,0.0418,1,0,0
R1,600,top-to-bottom-center,603,0.2143,0.2695,0.3127,0.1752,0.0418,1,0,1
R1,600,top-to-bottom-center,603,0.4286,0.2857,0.3359,0.1752,0.0418,1,0,0
R1,600,top-to-bottom-center,603,0.1571,0.2705,0.3001,0.1752,0.0418,1,0,1
R1,600,top-to-bottom-center,603,0.1714,0.2686,0.2744,0.1752,0.0418,1,0,0
R1,600,top-to-bottom-center,603,0.6286,0.2952,0.3452,0.1752,0.0418,1,0,1
R1,600,top-to-bottom-center,603,0.3857,0.3143,0.3533,0.1752,0.0418,1,0,0
R1,600,top-to-bottom-center,611,0.8286,0.3505,0.4484,0.1752,0.0418,1,0,0
R1,600,top-to-bottom-center,611,0.1714,0.3438,0.393,0.1752,0.0418,1,0,0
R1,600,top-to-bottom-center,611,0.2714,0.3505,0.3687,0.1752,0.0418,1,0,0
R1,600,top-to-bottom-center,611,0.9,0.4019,0.4749,0.1752,0.0418,1,0,0
R1,600,top-to-bottom-center,611,0.3429,0.4048,0.4485,0.1752,0.0418,1,0,1
R1,600,top-to-bottom-center,611,0.1143,0.3952,0.3817,0.1752,0.0418,1,0,1
R1,600,top-to-bottom-center,611,0.9286,0.4381,0.4911,0.1752,0.0418,1,0,0
R1,600,top-to-bottom-center,611,0.3857,0.4286,0.47,0.1752,0.0418,1,0,1
R1,600,top-to-bottom-center,622,0.2571,0.4124,0.4274,0.1752,0.0418,1,0,0
R1,600,top-to-bottom-center,622,0.8714,0.4562,0.5162,0.1752,0.0418,1,0,0
R1,600,top-to-bottom-center,622,0.3429,0.4505,0.4815,0.1752,0.0418,1,0,1
R1,600,top-to-bottom-center,622,0.9429,0.5029,0.5738,0.1752,0.0418,1,0,0
R1,600,top-to-bottom-center,622,0.3286,0.5133,0.5248,0.1752,0.0418,1,0,1
R1,600,top-to-bottom-center,622,0.8143,0.5257,0.5827,0.1752,0.0418,1,0,0
R1,600,top-to-bottom-center,622,0.8857,0.559,0.6433,0.1752,0.0418,1,0,0
R1,600,top-to-bottom-center,622,0.7,0.5505,0.6546,0.1752,0.0418,1,0,0
R1,600,top-to-bottom-center,622,0.9429,0.6019,0.7123,0.1752,0.0418,1,0,0
R1,600,top-to-bottom-center,631,0.9571,0.6476,0.7612,0.1752,0.0418,1,0,0
R1,600,top-to-bottom-center,631,0.9286,0.6495,0.7947,0.1752,0.0418,1,0,0
R1,600,top-to-bottom-center,631,0.6,0.6667,0.7558,0.1752,0.0418,1,0,0
R1,600,top-to-bottom-center,631,0.7571,0.7095,0.756,0.1752,0.0418,1,0,0
R1,600,top-to-bottom-center,631,0.2714,0.6657,0.6591,0.1752,0.0418,1,0,0
R1,600,top-to-bottom-center,631,0.4286,0.6686,0.613,0.1752,0.0418,1,0,0
R1,600,top-to-bottom-center,631,0.3429,0.6743,0.559,0.1752,0.0418,1,0,0
R1,600,top-to-bottom-center,631,0.6429,0.659,0.5758,0.1752,0.0418,1,0,1
R1,600,top-to-bottom-center,631,0.9143,0.6971,0.6435,0.1752,0.0418,1,0,0
R1,600,top-to-bottom-center,659,0.9714,0.699,0.7091,0.1752,0.0418,1,0,0
R1,600,top-to-bottom-center,659,0.5286,0.7124,0.673,0.1752,0.0418,1,0,0
R1,600,top-to-bottom-center,659,0.9714,0.7229,0.7327,0.1752,0.0418,1,0,0
R1,600,top-to-bottom-center,659,0.6571,0.7076,0.7176,0.1752,0.0418,1,0,0
R1,600,top-to-bottom-center,659,0.4571,0.6914,0.6655,0.1752,0.0418,1,0,0
R1,600,top-to-bottom-center,659,0.9143,0.6895,0.7152,0.1752,0.0418,1,0,0
R1,700,top-to-bottom-center,6,0.5571,0.5571,0.2838,0.8489,0.2155,1,0,0
R1,700,top-to-bottom-center,6,0.1571,0.3571,0.2585,0.8489,0.2155,1,0,1
R1,700,top-to-bottom-center,6,0.3143,0.3429,0.2697,0.8489,0.2155,0,0,1
R1,700,top-to-bottom-center,6,0.2143,0.3107,0.2586,0.8489,0.2155,1,0,1
R1,700,top-to-bottom-center,41,0.0429,0.2571,0.2154,0.8489,0.2155,0,0,1
R1,700,top-to-bottom-center,41,0.0,0.2143,0.1723,0.8489,0.2155,0,0,1
R1,700,top-to-bottom-center,41,0.1429,0.2041,0.1664,0.8489,0.2155,1,0,0
R1,700,top-to-bottom-center,41,0.1429,0.1964,0.1617,0.8489,0.2155,0,0,1
R1,700,top-to-bottom-center,44,0.5429,0.2349,0.238,0.8489,0.2155,1,0,1
R1,700,top-to-bottom-center,44,0.5,0.2614,0.2904,0.8489,0.2155,1,0,0
R1,700,top-to-bottom-center,44,0.2571,0.261,0.2837,0.8489,0.2155,1,0,1
R1,700,top-to-bottom-center,44,0.3,0.2643,0.287,0.8489,0.2155,1,0,0
R1,700,top-to-bottom-center,44,0.0429,0.2473,0.2382,0.8489,0.2155,0,0,1
R1,700,top-to-bottom-center,51,0.1714,0.2418,0.2248,0.8489,0.2155,0,0,0
R1,700,top-to-bottom-center,64,0.0571,0.2295,0.1913,0.8489,0.2155,0,0,1
R1,700,top-to-bottom-center,73,0.1286,0.201,0.1787,0.8489,0.2155,0,0,0
R1,700,top-to-bottom-center,77,0.0714,0.1952,0.1573,0.8489,0.2155,1,0,0
R1,700,top-to-bottom-center,77,0.0571,0.1781,0.1372,0.8489,0.2155,0,0,0
R1,700,top-to-bottom-center,77,0.0714,0.1686,0.1241,0.8489,0.2155,1,0,1
R1,700,top-to-bottom-center,77,0.0286,0.1676,0.105,0.8489,0.2155,0,0,1
R1,700,top-to-bottom-center,127,0.3286,0.1895,0.1497,0.8489,0.2155,0,0,0
R1,700,top-to-bottom-center,127,0.6143,0.221,0.2426,0.8489,0.2155,0,0,1
R1,700,top-to-bottom-center,127,0.4143,0.239,0.277,0.8489,0.2155,0,0,1
R1,700,top-to-bottom-center,143,0.0143,0.2038,0.2244,0.8489,0.2155,0,0,0
R1,700,top-to-bottom-center,182,0.0143,0.1714,0.1824,0.8489,0.2155,0,0,1
R1,700,top-to-bottom-center,184,0.0571,0.1581,0.1573,0.8489,0.2155,0,0,1
R1,700,top-to-bottom-center,189,0.0571,0.1419,0.1373,0.8489,0.2155,0,0,1
R1,700,top-to-bottom-center,198,0.0286,0.141,0.1156,0.8489,0.2155,0,0,1
R1,700,top-to-bottom-center,198,0.0571,0.1333,0.1039,0.8489,0.2155,0,0,1
R1,700,top-to-bottom-center,217,0.0429,0.1324,0.0917,0.8489,0.2155,0,0,0
R1,700,top-to-bottom-center,217,0.0429,0.1267,0.0819,0.8489,0.2155,0,0,0
R1,700,top-to-bottom-center,217,0.0,0.1219,0.0655,0.8489,0.2155,0,0,0
R1,700,top-to-bottom-center,217,0.0143,0.119,0.0553,0.8489,0.2155,0,0,1
R1,700,top-to-bottom-center,218,0.0143,0.1152,0.0471,0.8489,0.2155,0,0,1
R1,700,top-to-bottom-center,218,0.0,0.1133,0.0377,0.8489,0.2155,0,0,0
R1,700,top-to-bottom-center,218,0.0429,0.0943,0.0387,0.8489,0.2155,0,0,0
R1,700,top-to-bottom-center,218,0.0429,0.0562,0.0395,0.8489,0.2155,0,0,0
R1,700,top-to-bottom-center,225,0.0857,0.0343,0.0488,0.8489,0.2155,0,0,0
R1,700,top-to-bottom-center,225,0.0571,0.0371,0.0504,0.8489,0.2155,0,0,1
R1,700,top-to-bottom-center,228,0.0143,0.0371,0.0432,0.8489,0.2155,0,0,0
R1,700,top-to-bottom-center,228,0.0714,0.0381,0.0489,0.8489,0.2155,0,0,0
R1,700,top-to-bottom-center,228,0.0857,0.04,0.0562,0.8489,0.2155,1,0,1
R1,700,top-to-bottom-center,228,0.0143,0.039,0.0478,0.8489,0.2155,0,0,1
R1,700,top-to-bottom-center,242,0.0286,0.0371,0.044,0.8489,0.2155,0,0,0
R1,700,top-to-bottom-center,242,0.0143,0.0352,0.038,0.8489,0.2155,0,0,1
R1,700,top-to-bottom-center,242,0.0286,0.0343,0.0362,0.8489,0.2155,0,0,1
R1,700,top-to-bottom-center,254,0.1,0.041,0.0489,0.8489,0.2155,1,0,0
R1,700,top-to-bottom-center,254,0.0,0.04,0.0391,0.8489,0.2155,0,0,0
R1,700,top-to-bottom-center,254,0.0143,0.04,0.0342,0.8489,0.2155,0,0,1
R1,700,top-to-bottom-center,254,0.0,0.04,0.0273,0.8489,0.2155,0,0,0
R1,700,top-to-bottom-center,260,0.1,0.0438,0.0419,0.8489,0.2155,1,0,0
R1,700,top-to-bottom-center,260,0.0143,0.0419,0.0364,0.8489,0.2155,1,0,1
R1,700,top-to-bottom-center,260,0.0143,0.0371,0.0319,0.8489,0.2155,0,0,0
R1,700,top-to-bottom-center,260,0.1857,0.0457,0.0627,0.8489,0.2155,1,0,0
R1,700,top-to-bottom-center,263,0.3286,0.0667,0.1159,0.8489,0.2155,1,0,0
R1,700,top-to-bottom-center,263,0.0571,0.0657,0.1041,0.8489,0.2155,1,0,1
R1,700,top-to-bottom-center,270,0.4143,0.0876,0.1662,0.8489,0.2155,1,0,0
R1,700,top-to-bottom-center,270,0.1857,0.099,0.1701,0.8489,0.2155,1,0,1
R1,700,top-to-bottom-center,279,0.5286,0.1324,0.2418,0.8489,0.2155,1,0,0
R1,700,top-to-bottom-center,279,0.5143,0.1657,0.2963,0.8489,0.2155,1,0,0
R1,700,top-to-bottom-center,279,0.2143,0.1781,0.2799,0.8489,0.2155,1,0,1
R1,700,top-to-bottom-center,279,0.5143,0.2057,0.3268,0.8489,0.2155,1,0,1
R1,700,top-to-bottom-center,289,0.5,0.239,0.3614,0.8489,0.2155,1,0,0
R1,700,top-to-bottom-center,289,0.6714,0.2829,0.4234,0.8489,0.2155,1,0,0
R1,700,top-to-bottom-center,289,0.6,0.3229,0.4587,0.8489,0.2155,1,0,0
R1,700,top-to-bottom-center,289,0.6714,0.361,0.5013,0.8489,0.2155,1,0,1
R1,700,top-to-bottom-center,289,0.2286,0.3752,0.4467,0.8489,0.2155,1,0,1
R1,700,top-to-bottom-center,289,0.6714,0.419,0.4917,0.8489,0.2155,1,0,0
R1,700,top-to-bottom-center,289,0.1,0.4133,0.4133,0.8489,0.2155,1,0,0
R1,700,top-to-bottom-center,289,0.2571,0.4086,0.3821,0.8489,0.2155,1,0,0
R1,700,top-to-bottom-center,289,0.5571,0.4419,0.4171,0.8489,0.2155,1,0,1
R1,700,top-to-bottom-center,306,0.4429,0.4438,0.4223,0.8489,0.2155,1,0,0
R1,700,top-to-bottom-center,306,0.4,0.4581,0.4178,0.8489,0.2155,1,0,0
R1,700,top-to-bottom-center,306,0.1857,0.4352,0.3714,0.8489,0.2155,1,0,0
R1,700,top-to-bottom-center,306,0.3286,0.4229,0.3628,0.8489,0.2155,1,0,0
R1,700,top-to-bottom-center,306,0.3,0.4286,0.3503,0.8489,0.2155,1,0,0
R1,700,top-to-bottom-center,306,0.3286,0.4162,0.3459,0.8489,0.2155,1,0,0
R1,700,top-to-bottom-center,306,0.4286,0.4114,0.3625,0.8489,0.2155,1,0,0
R1,700,top-to-bottom-center,306,0.2143,0.381,0.3328,0.8489,0.2155,1,0,0
R1,700,top-to-bottom-center,306,0.4,0.3676,0.3463,0.8489,0.2155,1,0,0
R1,700,top-to-bottom-center,312,0.5,0.3562,0.377,0.8489,0.2155,1,0,1
R1,700,top-to-bottom-center,312,0.7143,0.3886,0.4445,0.8489,0.2155,1,0,1
R1,700,top-to-bottom-center,312,0.4,0.3705,0.4356,0.8489,0.2155,1,0,0
R1,700,top-to-bottom-center,312,0.5429,0.4,0.457,0.8489,0.2155,1,0,0
R1,700,top-to-bottom-center,312,0.5143,0.4171,0.4685,0.8489,0.2155,1,0,0
R1,700,top-to-bottom-center,312,0.6286,0.4219,0.5005,0.8489,0.2155,1,0,0
R1,700,top-to-bottom-center,312,0.4714,0.4238,0.4947,0.8489,0.2155,1,0,0
R1,700,top-to-bottom-center,312,0.4857,0.4295,0.4929,0.8489,0.2155,1,0,0
R1,700,top-to-bottom-center,312,0.4714,0.4486,0.4886,0.8489,0.2155,1,0,0
R1,700,top-to-bottom-center,317,0.1143,0.4343,0.4137,0.8489,0.2155,1,0,1
R1,700,top-to-bottom-center,321,0.2286,0.4295,0.3767,0.8489,0.2155,1,0,1
R1,700,top-to-bottom-center,321,0.4,0.4343,0.3814,0.8489,0.2155,1,0,0
R1,700,top-to-bottom-center,321,0.3286,0.4276,0.3708,0.8489,0.2155,1,0,0
R1,700,top-to-bottom-center,321,0.4714,0.4448,0.3909,0.8489,0.2155,1,0,0
R1,700,top-to-bottom-center,321,0.3286,0.44,0.3785,0.8489,0.2155,1,0,0
R1,700,top-to-bottom-center,321,0.3429,0.4295,0.3713,0.8489,0.2155,1,0,0
R1,700,top-to-bottom-center,321,0.2714,0.4,0.3514,0.8489,0.2155,1,0,0
R1,700,top-to-bottom-center,321,0.1571,0.3838,0.3125,0.8489,0.2155,1,0,1
R1,700,top-to-bottom-center,321,0.3143,0.3686,0.3129,0.8489,0.2155,1,0,0
R1,700,top-to-bottom-center,329,0.1286,0.3429,0.276,0.8489,0.2155,1,0,1
R1,700,top-to-bottom-center,329,0.3286,0.3229,0.2865,0.8489,0.2155,1,0,0
R1,700,top-to-bottom-center,329,0.2714,0.3095,0.2835,0.8489,0.2155,1,0,1
R1,700,top-to-bottom-center,329,0.2857,0.2962,0.2839,0.8489,0.2155,1,0,1
R1,700,top-to-bottom-center,329,0.3286,0.2867,0.2929,0.8489,0.2155,1,0,0
R1,700,top-to-bottom-center,329,0.2429,0.2952,0.2829,0.8489,0.2155,1,0,0
R1,700,top-to-bottom-center,329,0.4143,0.3076,0.3092,0.8489,0.2155,1,0,0
R1,700,top-to-bottom-center,334,0.1286,0.2895,0.273,0.8489,0.2155,1,0,0
R1,700,top-to-bottom-center,334,0.3,0.2876,0.2784,0.8489,0.2155,1,0,0
R1,700,top-to-bottom-center,334,0.1714,0.2676,0.257,0.8489,0.2155,1,0,0
R1,700,top-to-bottom-center,334,0.1143,0.2533,0.2285,0.8489,0.2155,1,0,1
R1,700,top-to-bottom-center,334,0.4286,0.259,0.2685,0.8489,0.2155,1,0,0
R1,700,top-to-bottom-center,334,0.2571,0.2581,0.2662,0.8489,0.2155,1,0,1
R1,700,top-to-bottom-center,334,0.3714,0.2724,0.2873,0.8489,0.2155,1,0,0
R1,700,top-to-bottom-center,334,0.2714,0.2695,0.2841,0.8489,0.2155,1,0,0
R1,700,top-to-bottom-center,334,0.1857,0.2733,0.2644,0.8489,0.2155,1,0,1
R1,700,top-to-bottom-center,347,0.0857,0.2571,0.2287,0.8489,0.2155,1,0,0
R1,700,top-to-bottom-center,347,0.1143,0.2467,0.2058,0.8489,0.2155,1,0,0
R1,700,top-to-bottom-center,347,0.2,0.241,0.2046,0.8489,0.2155,1,0,0
R1,700,top-to-bottom-center,347,0.1714,0.2305,0.198,0.8489,0.2155,1,0,0
R1,700,top-to-bottom-center,347,0.1429,0.2238,0.187,0.8489,0.2155,1,0,1
R1,700,top-to-bottom-center,347,0.2286,0.2114,0.1953,0.8489,0.2155,1,0,1
R1,700,top-to-bottom-center,347,0.1857,0.2152,0.1934,0.8489,0.2155,1,0,1
R1,700,top-to-bottom-center,347,0.3286,0.2171,0.2204,0.8489,0.2155,1,0,0
R1,700,top-to-bottom-center,347,0.1714,0.2171,0.2106,0.8489,0.2155,1,0,0
R1,700,top-to-bottom-center,364,0.0714,0.2143,0.1828,0.8489,0.2155,1,0,0
R1,700,top-to-bottom-center,364,0.0571,0.1895,0.1577,0.8489,0.2155,1,0,1
R1,700,top-to-bottom-center,364,0.0286,0.1743,0.1318,0.8489,0.2155,1,0,0
R1,700,top-to-bottom-center,364,0.0571,0.1533,0.1169,0.8489,0.2155,1,0,0
R1,700,top-to-bottom-center,364,0.1143,0.1429,0.1164,0.8489,0.2155,1,0,1
R1,700,top-to-bottom-center,373,0.0286,0.1324,0.0988,0.8489,0.2155,1,0,1
R1,700,top-to-bottom-center,373,0.0286,0.1286,0.0848,0.8489,0.2155,1,0,0
R1,700,top-to-bottom-center,373,0.0857,0.1267,0.085,0.8489,0.2155,1,0,1
R1,700,top-to-bottom-center,373,0.0429,0.1162,0.0765,0.8489,0.2155,1,0,0
R1,700,top-to-bottom-center,373,0.1286,0.1133,0.0869,0.8489,0.2155,1,0,0
R1,700,top-to-bottom-center,386,0.0429,0.1067,0.0781,0.8489,0.2155,1,0,1
R1,700,top-to-bottom-center,387,0.0571,0.0952,0.0739,0.8489,0.2155,1,0,1
R1,700,top-to-bottom-center,387,0.1286,0.0914,0.0849,0.8489,0.2155,1,0,0
R1,700,top-to-bottom-center,387,0.2,0.0829,0.1079,0.8489,0.2155,1,0,0
R1,700,top-to-bottom-center,387,0.0571,0.0752,0.0977,0.8489,0.2155,1,0,0
R1,700,top-to-bottom-center,387,0.1,0.0771,0.0982,0.8489,0.2155,1,0,0
R1,700,top-to-bottom-center,387,0.1,0.08,0.0986,0.8489,0.2155,1,0,0
R1,700,top-to-bottom-center,387,0.0286,0.08,0.0846,0.8489,0.2155,1,0,0
R1,700,top-to-bottom-center,387,0.1,0.0829,0.0876,0.8489,0.2155,1,0,0
R1,700,top-to-bottom-center,387,0.0286,0.0771,0.0758,0.8489,0.2155,1,0,0
R1,700,top-to-bottom-center,426,0.1286,0.0838,0.0864,0.8489,0.2155,1,0,0
R1,700,top-to-bottom-center,426,0.0571,0.0857,0.0805,0.8489,0.2155,1,0,0
R1,700,top-to-bottom-center,426,0.0286,0.0819,0.0701,0.8489,0.2155,1,0,0
R1,700,top-to-bottom-center,426,0.1,0.0857,0.0761,0.8489,0.2155,1,0,0
R1,700,top-to-bottom-center,426,0.0571,0.081,0.0723,0.8489,0.2155,1,0,0
R1,700,top-to-bottom-center,426,0.1857,0.0905,0.095,0.8489,0.2155,1,0,0
R1,700,top-to-bottom-center,426,0.1286,0.0952,0.1017,0.8489,0.2155,1,0,1
R1,700,top-to-bottom-center,426,0.1714,0.0981,0.1157,0.8489,0.2155,1,0,0
R1,700,top-to-bottom-center,426,0.1429,0.0943,0.1211,0.8489,0.2155,1,0,0
R1,700,top-to-bottom-center,452,0.1857,0.1029,0.134,0.8489,0.2155,1,0,0
R1,700,top-to-bottom-center,452,0.2143,0.1105,0.1501,0.8489,0.2155,1,0,0
R1,700,top-to-bottom-center,452,0.2,0.1171,0.1601,0.8489,0.2155,1,0,0
R1,700,top-to-bottom-center,452,0.2571,0.1324,0.1795,0.8489,0.2155,1,0,0
R1,700,top-to-bottom-center,452,0.2286,0.141,0.1893,0.8489,0.2155,1,0,0
R1,700,top-to-bottom-center,452,0.3143,0.16,0.2143,0.8489,0.2155,1,0,1
R1,700,top-to-bottom-center,452,0.3143,0.1724,0.2343,0.8489,0.2155,1,0,0
R1,700,top-to-bottom-center,452,0.2286,0.1838,0.2331,0.8489,0.2155,1,0,0
R1,700,top-to-bottom-center,452,0.1286,0.1905,0.2122,0.8489,0.2155,1,0,0
R1,700,top-to-bottom-center,485,0.1429,0.1933,0.1984,0.8489,0.2155,1,0,0
R1,700,top-to-bottom-center,485,0.1857,0.2019,0.1958,0.8489,0.2155,1,0,0
R1,700,top-to-bottom-center,485,0.2286,0.2048,0.2024,0.8489,0.2155,1,0,0
R1,700,top-to-bottom-center,485,0.1143,0.2038,0.1848,0.8489,0.2155,1,0,0
R1,700,top-to-bottom-center,485,0.2143,0.2067,0.1907,0.8489,0.2155,1,0,0
R1,700,top-to-bottom-center,505,0.2857,0.2162,0.2097,0.8489,0.2155,1,0,0
R1,700,top-to-bottom-center,505,0.3286,0.2257,0.2335,0.8489,0.2155,1,0,1
R1,700,top-to-bottom-center,505,0.1714,0.2229,0.221,0.8489,0.2155,1,0,0
R1,700,top-to-bottom-center,505,0.2429,0.2257,0.2254,0.8489,0.2155,1,0,0
R1,700,top-to-bottom-center,505,0.2286,0.2238,0.226,0.8489,0.2155,1,0,0
R1,700,top-to-bottom-center,505,0.2429,0.2248,0.2294,0.8489,0.2155,1,0,0
R1,700,top-to-bottom-center,505,0.1714,0.2152,0.2178,0.8489,0.2155,1,0,0
R1,700,top-to-bottom-center,505,0.0857,0.2,0.1914,0.8489,0.2155,1,0,1
R1,700,top-to-bottom-center,505,0.1714,0.1962,0.1874,0.8489,0.2155,1,0,0
R1,700,top-to-bottom-center,544,0.1286,0.1962,0.1756,0.8489,0.2155,1,0,1
R1,700,top-to-bottom-center,556,0.2143,0.201,0.1834,0.8489,0.2155,1,0,0
R1,700,top-to-bottom-center,556,0.2143,0.2029,0.1895,0.8489,0.2155,1,0,1
R1,700,top-to-bottom-center,556,0.1857,0.2,0.1888,0.8489,0.2155,1,0,0
R1,700,top-to-bottom-center,556,0.1714,0.2038,0.1853,0.8489,0.2155,1,0,0
R1,700,top-to-bottom-center,556,0.2571,0.2067,0.1997,0.8489,0.2155,1,0,0
R1,700,top-to-bottom-center,556,0.1,0.1943,0.1797,0.8489,0.2155,1,0,0
R1,700,top-to-bottom-center,556,0.3571,0.1962,0.2152,0.8489,0.2155,1,0,0
R1,700,top-to-bottom-center,556,0.2857,0.2038,0.2293,0.8489,0.2155,1,0,1
R1,700,top-to-bottom-center,556,0.1,0.1943,0.2035,0.8489,0.2155,1,0,0
R1,700,top-to-bottom-center,570,0.2429,0.1952,0.2113,0.8489,0.2155,1,0,1
R1,700,top-to-bottom-center,570,0.2143,0.1933,0.2119,0.8489,0.2155,1,0,0
R1,700,top-to-bottom-center,570,0.2,0.1952,0.2095,0.8489,0.2155,1,0,0
R1,700,top-to-bottom-center,570,0.0714,0.1943,0.1819,0.8489,0.2155,1,0,0
R1,700,top-to-bottom-center,570,0.3,0.2029,0.2055,0.8489,0.2155,1,0,0
R1,700,top-to-bottom-center,570,0.2286,0.2095,0.2101,0.8489,0.2155,1,0,0
R1,700,top-to-bottom-center,570,0.1143,0.2029,0.191,0.8489,0.2155,1,0,0
R1,700,top-to-bottom-center,570,0.0714,0.1933,0.1671,0.8489,0.2155,1,0,0
R1,700,top-to-bottom-center,570,0.2571,0.1981,0.1851,0.8489,0.2155,1,0,1
R1,700,top-to-bottom-center,572,0.0571,0.1905,0.1595,0.8489,0.2155,1,0,0
R1,700,top-to-bottom-center,572,0.3,0.1933,0.1876,0.8489,0.2155,1,0,0
R1,700,top-to-bottom-center,572,0.1429,0.1962,0.1786,0.8489,0.2155,1,0,0
R1,700,top-to-bottom-center,572,0.0857,0.1781,0.1601,0.8489,0.2155,1,0,0
R1,700,top-to-bottom-center,572,0.2429,0.1752,0.1766,0.8489,0.2155,1,0,0
R1,700,top-to-bottom-center,572,0.2857,0.1876,0.1984,0.8489,0.2155,1,0,1
R1,700,top-to-bottom-center,572,0.2286,0.1867,0.2045,0.8489,0.2155,1,0,0
R1,700,top-to-bottom-center,572,0.1857,0.1848,0.2007,0.8489,0.2155,1,0,1
R1,700,top-to-bottom-center,572,0.2571,0.1886,0.212,0.8489,0.2155,1,0,0
R1,700,top-to-bottom-center,580,0.0714,0.1886,0.1839,0.8489,0.2155,1,0,0
R1,700,top-to-bottom-center,580,0.1714,0.18,0.1814,0.8489,0.2155,1,0,0
R1,700,top-to-bottom-center,580,0.2857,0.1838,0.2023,0.8489,0.2155,1,0,0
R1,700,top-to-bottom-center,580,0.1857,0.1886,0.1989,0.8489,0.2155,1,0,1
R1,700,top-to-bottom-center,580,0.2286,0.199,0.2049,0.8489,0.2155,1,0,1
R1,700,top-to-bottom-center,580,0.2857,0.201,0.221,0.8489,0.2155,1,0,0
R1,700,top-to-bottom-center,580,0.1714,0.2086,0.2111,0.8489,0.2155,1,0,0
R1,700,top-to-bottom-center,580,0.2714,0.2067,0.2232,0.8489,0.2155,1,0,0
R1,700,top-to-bottom-center,580,0.3143,0.2181,0.2414,0.8489,0.2155,1,0,0
R1,700,top-to-bottom-center,587,0.2143,0.2267,0.236,0.8489,0.2155,1,0,0
R1,700,top-to-bottom-center,587,0.2143,0.2248,0.2316,0.8489,0.2155,1,0,0
R1,700,top-to-bottom-center,587,0.2143,0.22,0.2282,0.8489,0.2155,1,0,0
R1,700,top-to-bottom-center,587,0.3714,0.2295,0.2568,0.8489,0.2155,1,0,0
R1,700,top-to-bottom-center,587,0.1429,0.2267,0.234,0.8489,0.2155,1,0,0
R1,700,top-to-bottom-center,587,0.1714,0.221,0.2215,0.8489,0.2155,1,0,0
R1,700,top-to-bottom-center,590,0.3857,0.2419,0.2543,0.8489,0.2155,1,0,0
R1,700,top-to-bottom-center,590,0.2857,0.2495,0.2606,0.8489,0.2155,1,0,0
R1,700,top-to-bottom-center,590,0.3429,0.2533,0.2771,0.8489,0.2155,1,0,0
R1,700,top-to-bottom-center,590,0.3429,0.2638,0.2902,0.8489,0.2155,1,0,0
R1,700,top-to-bottom-center,590,0.3857,0.2743,0.3093,0.8489,0.2155,1,0,0
R1,700,top-to-bottom-center,590,0.4429,0.2848,0.336,0.8489,0.2155,1,0,0
R1,700,top-to-bottom-center,590,0.3571,0.2971,0.3403,0.8489,0.2155,1,0,0
R1,700,top-to-bottom-center,590,0.1429,0.2886,0.3008,0.8489,0.2155,1,0,0
R1,700,top-to-bottom-center,590,0.2286,0.2829,0.2863,0.8489,0.2155,1,0,1
R1,700,top-to-bottom-center,597,0.3143,0.2895,0.2919,0.8489,0.2155,1,0,0
R1,700,top-to-bottom-center,597,0.1571,0.2857,0.265,0.8489,0.2155,1,0,0
R1,700,top-to-bottom-center,597,0.1,0.2781,0.232,0.8489,0.2155,1,0,0
R1,700,top-to-bottom-center,597,0.1857,0.2657,0.2227,0.8489,0.2155,1,0,0
R1,700,top-to-bottom-center,597,0.2714,0.2743,0.2325,0.8489,0.2155,1,0,0
R1,700,top-to-bottom-center,597,0.2286,0.2781,0.2317,0.8489,0.2155,1,0,0
R1,700,top-to-bottom-center,597,0.2714,0.2705,0.2396,0.8489,0.2155,1,0,0
R1,700,top-to-bottom-center,597,0.1714,0.2629,0.226,0.8489,0.2155,1,0,0
R1,700,top-to-bottom-center,597,0.3286,0.2619,0.2465,0.8489,0.2155,1,0,0
R1,700,top-to-bottom-center,618,0.3429,0.2619,0.2658,0.8489,0.2155,1,0,1
R1,700,top-to-bottom-center,618,0.2571,0.2533,0.2641,0.8489,0.2155,1,0,0
R1,700,top-to-bottom-center,618,0.5143,0.2581,0.3141,0.8489,0.2155,1,0,0
R1,700,top-to-bottom-center,618,0.1714,0.2457,0.2856,0.8489,0.2155,1,0,0
R1,700,top-to-bottom-center,618,0.2571,0.2533,0.2799,0.8489,0.2155,1,0,0
R1,700,top-to-bottom-center,618,0.4429,0.2676,0.3125,0.8489,0.2155,1,0,0
R1,700,top-to-bottom-center,618,0.2,0.26,0.29,0.8489,0.2155,1,0,0
R1,700,top-to-bottom-center,618,0.2714,0.2676,0.2863,0.8489,0.2155,1,0,0
R1,700,top-to-bottom-center,618,0.4143,0.2886,0.3119,0.8489,0.2155,1,0,0
R1,700,top-to-bottom-center,621,0.3571,0.3,0.3209,0.8489,0.2155,1,0,0
R1,700,top-to-bottom-center,621,0.5857,0.321,0.3739,0.8489,0.2155,1,0,0
R1,700,top-to-bottom-center,621,0.2,0.319,0.3391,0.8489,0.2155,1,0,0
R1,700,top-to-bottom-center,621,0.5286,0.3362,0.377,0.8489,0.2155,1,0,0
R1,700,top-to-bottom-center,621,0.3286,0.3467,0.3673,0.8489,0.2155,1,0,0
R1,700,top-to-bottom-center,621,0.3857,0.3505,0.371,0.8489,0.2155,1,0,1
R1,700,top-to-bottom-center,621,0.5714,0.3657,0.4111,0.8489,0.2155,1,0,0
R1,700,top-to-bottom-center,621,0.2286,0.3638,0.3746,0.8489,0.2155,1,0,1
R1,700,top-to-bottom-center,621,0.3714,0.3543,0.3739,0.8489,0.2155,1,0,0
R1,700,top-to-bottom-center,648,0.3286,0.3648,0.3649,0.8489,0.2155,1,0,0
R1,700,top-to-bottom-center,648,0.5286,0.3829,0.3976,0.8489,0.2155,1,0,1
R1,700,top-to-bottom-center,648,0.9857,0.419,0.5152,0.8489,0.2155,1,0,0
R1,700,top-to-bottom-center,648,0.6286,0.4476,0.5379,0.8489,0.2155,1,0,0
R1,700,top-to-bottom-center,648,0.6571,0.4733,0.5617,0.8489,0.2155,1,0,1
R1,700,top-to-bottom-center,648,0.8429,0.5019,0.618,0.8489,0.2155,1,1,0
R1,700,top-to-bottom-center,648,0.6,0.5181,0.6144,0.8489,0.2155,1,0,1
R1,700,top-to-bottom-center,648,0.6429,0.5219,0.6201,0.8489,0.2155,1,0,0
R1,700,top-to-bottom-center,648,0.9714,0.5733,0.6903,0.8489,0.2155,1,0,0
R1,700,top-to-bottom-center,661,0.9571,0.6019,0.7437,0.8489,0.2155,1,0,0
R1,700,top-to-bottom-center,661,0.2714,0.5981,0.6492,0.8489,0.2155,1,0,1
R1,700,top-to-bottom-center,661,0.9857,0.6381,0.7165,0.8489,0.2155,1,0,0
R1,700,top-to-bottom-center,661,0.6143,0.641,0.6961,0.8489,0.2155,1,0,0
R1,700,top-to-bottom-center,661,0.2286,0.641,0.6026,0.8489,0.2155,1,0,0
R1,700,top-to-bottom-center,673,0.6714,0.661,0.6164,0.8489,0.2155,1,0,0
R1,700,top-to-bottom-center,673,0.4,0.6657,0.5731,0.8489,0.2155,1,0,0
R1,700,top-to-bottom-center,673,0.9857,0.6962,0.6556,0.8489,0.2155,1,0,0
R1,700,top-to-bottom-center,673,0.4571,0.661,0.6159,0.8489,0.2155,1,0,1
R1,700,top-to-bottom-center,673,0.5286,0.6543,0.5984,0.8489,0.2155,1,0,1
R1,700,top-to-bottom-center,673,1.0,0.6771,0.6788,0.8489,0.2155,1,0,0
R1,800,top-to-bottom-center,6,0.0143,0.0143,0.0926,0.4429,0.1122,0,0,1
R1,800,top-to-bottom-center,6,0.2,0.1071,0.1141,0.4429,0.1122,0,0,1
R1,800,top-to-bottom-center,6,0.0429,0.0857,0.0999,0.4429,0.1122,0,0,0
R1,800,top-to-bottom-center,46,0.0286,0.0714,0.0856,0.4429,0.1122,0,0,1
R1,800,top-to-bottom-center,46,0.0286,0.0629,0.0742,0.4429,0.1122,0,0,1
R1,800,top-to-bottom-center,49,0.0286,0.0571,0.0651,0.4429,0.1122,0,0,1
R1,800,top-to-bottom-center,49,0.0143,0.051,0.0549,0.4429,0.1122,0,0,1
R1,800,top-to-bottom-center,60,0.0143,0.0464,0.0468,0.4429,0.1122,0,0,1
R1,800,top-to-bottom-center,60,0.0286,0.0444,0.0431,0.4429,0.1122,0,0,1
R1,800,top-to-bottom-center,63,0.0286,0.0429,0.0402,0.4429,0.1122,0,0,1
R1,800,top-to-bottom-center,63,0.0143,0.0403,0.035,0.4429,0.1122,0,0,1
R1,800,top-to-bottom-center,63,0.1,0.0452,0.048,0.4429,0.1122,0,0,1
R1,800,top-to-bottom-center,70,0.1,0.0495,0.0584,0.4429,0.1122,0,0,1
R1,800,top-to-bottom-center,70,0.0143,0.0469,0.0496,0.4429,0.1122,0,0,1
R1,800,top-to-bottom-center,70,0.0143,0.0448,0.0425,0.4429,0.1122,0,0,1
R1,800,top-to-bottom-center,72,0.0143,0.0448,0.0369,0.4429,0.1122,0,0,1
R1,800,top-to-bottom-center,72,0.1,0.0381,0.0495,0.4429,0.1122,0,0,1
R1,800,top-to-bottom-center,72,0.0143,0.0362,0.0425,0.4429,0.1122,0,0,1
R1,800,top-to-bottom-center,80,0.0286,0.0362,0.0397,0.4429,0.1122,0,0,1
R1,800,top-to-bottom-center,80,0.0714,0.039,0.046,0.4429,0.1122,0,0,1
R1,800,top-to-bottom-center,80,0.0714,0.0419,0.0511,0.4429,0.1122,0,0,1
R1,800,top-to-bottom-center,86,0.0286,0.0429,0.0466,0.4429,0.1122,0,0,1
R1,800,top-to-bottom-center,89,0.0,0.0419,0.0373,0.4429,0.1122,0,0,0
R1,800,top-to-bottom-center,89,0.0286,0.0419,0.0355,0.4429,0.1122,0,0,1
R1,800,top-to-bottom-center,89,0.0429,0.0429,0.037,0.4429,0.1122,0,0,1
R1,800,top-to-bottom-center,98,0.0286,0.0438,0.0353,0.4429,0.1122,0,0,1
R1,800,top-to-bottom-center,98,0.0,0.0371,0.0283,0.4429,0.1122,0,0,1
R1,800,top-to-bottom-center,101,0.0143,0.0314,0.0255,0.4429,0.1122,0,0,1
R1,800,top-to-bottom-center,105,0.0286,0.0324,0.0261,0.4429,0.1122,0,0,1
R1,800,top-to-bottom-center,108,0.0286,0.0333,0.0266,0.4429,0.1122,0,0,1
R1,800,top-to-bottom-center,112,0.0429,0.0352,0.0298,0.4429,0.1122,0,0,1
R1,800,top-to-bottom-center,117,0.0143,0.0295,0.0267,0.4429,0.1122,0,0,1
R1,800,top-to-bottom-center,119,0.0286,0.0305,0.0271,0.4429,0.1122,0,0,1
R1,800,top-to-bottom-center,130,0.2143,0.0429,0.0645,0.4429,0.1122,0,0,0
R1,800,top-to-bottom-center,170,0.0286,0.04,0.0573,0.4429,0.1122,0,0,1
R1,800,top-to-bottom-center,172,0.0143,0.0362,0.0487,0.4429,0.1122,0,0,0
R1,800,top-to-bottom-center,172,0.0571,0.0381,0.0504,0.4429,0.1122,0,0,1
R1,800,top-to-bottom-center,181,0.0429,0.041,0.0489,0.4429,0.1122,0,0,1
R1,800,top-to-bottom-center,181,0.0429,0.0419,0.0477,0.4429,0.1122,0,0,0
R1,800,top-to-bottom-center,201,0.0429,0.0419,0.0467,0.4429,0.1122,0,0,0
R1,800,top-to-bottom-center,201,0.0143,0.041,0.0402,0.4429,0.1122,0,0,1
R1,800,top-to-bottom-center,252,0.0143,0.0419,0.035,0.4429,0.1122,0,0,0
R1,800,top-to-bottom-center,253,0.0,0.041,0.028,0.4429,0.1122,0,0,0
R1,800,top-to-bottom-center,253,0.0286,0.041,0.0281,0.4429,0.1122,0,0,0
R1,800,top-to-bottom-center,253,0.0143,0.04,0.0254,0.4429,0.1122,0,0,1
R1,800,top-to-bottom-center,253,0.0,0.0371,0.0203,0.4429,0.1122,0,0,0
R1,800,top-to-bottom-center,255,0.4143,0.0638,0.0991,0.4429,0.1122,0,0,1
R1,800,top-to-bottom-center,255,0.0429,0.0648,0.0878,0.4429,0.1122,0,0,1
R1,800,top-to-bottom-center,255,0.0857,0.0562,0.0874,0.4429,0.1122,0,0,1
R1,800,top-to-bottom-center,255,0.0571,0.0581,0.0814,0.4429,0.1122,0,0,1
R1,800,top-to-bottom-center,269,0.2,0.0705,0.1051,0.4429,0.1122,0,0,0
R1,800,top-to-bottom-center,269,0.1286,0.0752,0.1098,0.4429,0.1122,0,0,1
R1,800,top-to-bottom-center,288,0.0571,0.0762,0.0993,0.4429,0.1122,0,0,0
R1,800,top-to-bottom-center,288,0.1,0.08,0.0994,0.4429,0.1122,0,0,0
R1,800,top-to-bottom-center,288,0.0857,0.0829,0.0967,0.4429,0.1122,0,0,0
R1,800,top-to-bottom-center,304,0.0714,0.0867,0.0916,0.4429,0.1122,1,0,0
R1,800,top-to-bottom-center,304,0.1429,0.0952,0.1019,0.4429,0.1122,1,0,0
R1,800,top-to-bottom-center,304,0.2143,0.1095,0.1244,0.4429,0.1122,1,0,0
R1,800,top-to-bottom-center,304,0.3714,0.1324,0.1738,0.4429,0.1122,1,0,0
R1,800,top-to-bottom-center,304,0.2571,0.1486,0.1904,0.4429,0.1122,1,0,0
R1,800,top-to-bottom-center,304,0.0571,0.1524,0.1638,0.4429,0.1122,1,0,0
R1,800,top-to-bottom-center,304,0.0429,0.1276,0.1396,0.4429,0.1122,0,0,1
R1,800,top-to-bottom-center,316,0.1286,0.1333,0.1374,0.4429,0.1122,1,0,0
R1,800,top-to-bottom-center,316,0.2143,0.1419,0.1528,0.4429,0.1122,1,0,1
R1,800,top-to-bottom-center,316,0.1143,0.1457,0.1451,0.4429,0.1122,1,0,0
R1,800,top-to-bottom-center,316,0.2143,0.1467,0.1589,0.4429,0.1122,1,0,0
R1,800,top-to-bottom-center,316,0.1286,0.1467,0.1528,0.4429,0.1122,1,0,1
R1,800,top-to-bottom-center,316,0.2143,0.1571,0.1651,0.4429,0.1122,1,0,0
R1,800,top-to-bottom-center,318,0.1286,0.159,0.1578,0.4429,0.1122,1,0,0
R1,800,top-to-bottom-center,318,0.0429,0.1562,0.1348,0.4429,0.1122,1,0,0
R1,800,top-to-bottom-center,318,0.2714,0.1695,0.1621,0.4429,0.1122,1,0,0
R1,800,top-to-bottom-center,318,0.3143,0.181,0.1926,0.4429,0.1122,1,0,0
R1,800,top-to-bottom-center,318,0.3286,0.1886,0.2198,0.4429,0.1122,1,0,0
R1,800,top-to-bottom-center,318,0.4714,0.1952,0.2701,0.4429,0.1122,1,0,1
R1,800,top-to-bottom-center,318,0.3,0.1981,0.2761,0.4429,0.1122,1,0,0
R1,800,top-to-bottom-center,318,0.2,0.2076,0.2609,0.4429,0.1122,1,0,0
R1,800,top-to-bottom-center,339,0.2429,0.221,0.2573,0.4429,0.1122,1,0,0
R1,800,top-to-bottom-center,339,0.2286,0.2276,0.2515,0.4429,0.1122,1,0,0
R1,800,top-to-bottom-center,339,0.1714,0.2248,0.2355,0.4429,0.1122,1,0,0
R1,800,top-to-bottom-center,339,0.2714,0.2352,0.2427,0.4429,0.1122,1,0,0
R1,800,top-to-bottom-center,339,0.1714,0.2324,0.2284,0.4429,0.1122,1,0,1
R1,800,top-to-bottom-center,339,0.2,0.2371,0.2228,0.4429,0.1122,1,0,0
R1,800,top-to-bottom-center,339,0.2857,0.2419,0.2353,0.4429,0.1122,1,0,0
R1,800,top-to-bottom-center,339,0.3143,0.2543,0.2511,0.4429,0.1122,1,0,0
R1,800,top-to-bottom-center,339,0.1,0.2581,0.2209,0.4429,0.1122,1,0,0
R1,800,top-to-bottom-center,358,0.2286,0.2552,0.2224,0.4429,0.1122,1,0,0
R1,800,top-to-bottom-center,358,0.1,0.241,0.198,0.4429,0.1122,1,0,0
R1,800,top-to-bottom-center,358,0.2143,0.2333,0.2012,0.4429,0.1122,1,0,0
R1,800,top-to-bottom-center,358,0.3286,0.2238,0.2267,0.4429,0.1122,1,0,0
R1,800,top-to-bottom-center,358,0.0714,0.2086,0.1956,0.4429,0.1122,1,0,0
R1,800,top-to-bottom-center,358,0.1143,0.2029,0.1794,0.4429,0.1122,1,0,0
R1,800,top-to-bottom-center,358,0.2286,0.2019,0.1892,0.4429,0.1122,1,0,0
R1,800,top-to-bottom-center,358,0.1286,0.1952,0.1771,0.4429,0.1122,1,0,1
R1,800,top-to-bottom-center,358,0.1571,0.1943,0.1731,0.4429,0.1122,1,0,0
R1,800,top-to-bottom-center,367,0.1,0.1829,0.1585,0.4429,0.1122,1,0,1
R1,800,top-to-bottom-center,367,0.1143,0.179,0.1496,0.4429,0.1122,1,0,0
R1,800,top-to-bottom-center,367,0.1571,0.1762,0.1511,0.4429,0.1122,1,0,0
R1,800,top-to-bottom-center,367,0.1286,0.1657,0.1466,0.4429,0.1122,1,0,0
R1,800,top-to-bottom-center,367,0.1429,0.1543,0.1459,0.4429,0.1122,1,0,1
R1,800,top-to-bottom-center,367,0.3286,0.1695,0.1824,0.4429,0.1122,1,0,0
R1,800,top-to-bottom-center,367,0.1571,0.1648,0.1774,0.4429,0.1122,1,0,0
R1,800,top-to-bottom-center,367,0.0857,0.1638,0.159,0.4429,0.1122,1,0,0
R1,800,top-to-bottom-center,367,0.3,0.1695,0.1872,0.4429,0.1122,1,0,0
R1,800,top-to-bottom-center,392,0.1571,0.1581,0.1812,0.4429,0.1122,1,0,1
R1,800,top-to-bottom-center,408,0.1286,0.1619,0.1707,0.4429,0.1122,1,0,0
R1,800,top-to-bottom-center,408,0.0857,0.16,0.1537,0.4429,0.1122,1,0,0
R1,800,top-to-bottom-center,408,0.1143,0.1524,0.1458,0.4429,0.1122,1,0,0
R1,800,top-to-bottom-center,408,0.0857,0.1495,0.1338,0.4429,0.1122,1,0,0
R1,800,top-to-bottom-center,408,0.0429,0.1419,0.1156,0.4429,0.1122,1,0,1
R1,800,top-to-bottom-center,408,0.0857,0.141,0.1096,0.4429,0.1122,1,0,0
R1,800,top-to-bottom-center,408,0.1143,0.141,0.1106,0.4429,0.1122,1,0,0
R1,800,top-to-bottom-center,408,0.0143,0.1314,0.0913,0.4429,0.1122,1,0,0
R1,800,top-to-bottom-center,412,0.0714,0.1276,0.0873,0.4429,0.1122,1,0,0
R1,800,top-to-bottom-center,412,0.2,0.1314,0.1099,0.4429,0.1122,1,0,0
R1,800,top-to-bottom-center,412,0.1143,0.1171,0.1107,0.4429,0.1122,1,0,1
R1,800,top-to-bottom-center,412,0.0429,0.1095,0.0972,0.4429,0.1122,1,0,0
R1,800,top-to-bottom-center,412,0.1143,0.1114,0.1006,0.4429,0.1122,1,0,1
R1,800,top-to-bottom-center,412,0.1143,0.099,0.1033,0.4429,0.1122,1,0,0
R1,800,top-to-bottom-center,412,0.1,0.0952,0.1027,0.4429,0.1122,1,0,0
R1,800,top-to-bottom-center,412,0.1429,0.0962,0.1107,0.4429,0.1122,1,0,0
R1,800,top-to-bottom-center,412,0.1857,0.1029,0.1257,0.4429,0.1122,1,0,0
R1,800,top-to-bottom-center,413,0.1,0.1019,0.1206,0.4429,0.1122,1,0,0
R1,800,top-to-bottom-center,413,0.1571,0.1067,0.1279,0.4429,0.1122,1,0,1
R1,800,top-to-bottom-center,413,0.1143,0.1114,0.1252,0.4429,0.1122,1,0,0
R1,800,top-to-bottom-center,413,0.1286,0.1143,0.1258,0.4429,0.1122,1,0,0
R1,800,top-to-bottom-center,413,0.2429,0.1229,0.1492,0.4429,0.1122,1,0,1
R1,800,top-to-bottom-center,413,0.1571,0.1324,0.1508,0.4429,0.1122,1,0,0
R1,800,top-to-bottom-center,413,0.0571,0.1314,0.1321,0.4429,0.1122,1,0,0
R1,800,top-to-bottom-center,413,0.1857,0.1305,0.1428,0.4429,0.1122,1,0,1
R1,800,top-to-bottom-center,413,0.1714,0.1343,0.1485,0.4429,0.1122,1,0,0
R1,800,top-to-bottom-center,439,0.0714,0.1362,0.1331,0.4429,0.1122,1,0,0
R1,800,top-to-bottom-center,439,0.1429,0.1381,0.1351,0.4429,0.1122,1,0,0
R1,800,top-to-bottom-center,439,0.1857,0.1429,0.1452,0.4429,0.1122,1,0,0
R1,800,top-to-bottom-center,439,0.1857,0.1486,0.1533,0.4429,0.1122,1,0,0
R1,800,top-to-bottom-center,439,0.1429,0.1486,0.1512,0.4429,0.1122,1,0,0
R1,800,top-to-bottom-center,439,0.0571,0.14,0.1324,0.4429,0.1122,1,0,0
R1,800,top-to-bottom-center,439,0.1143,0.141,0.1288,0.4429,0.1122,1,0,0
R1,800,top-to-bottom-center,439,0.1143,0.1381,0.1259,0.4429,0.1122,1,0,0
R1,800,top-to-bottom-center,439,0.1,0.1371,0.1207,0.4429,0.1122,1,0,0
R1,800,top-to-bottom-center,454,0.2286,0.1438,0.1423,0.4429,0.1122,1,0,0
R1,800,top-to-bottom-center,454,0.2571,0.1448,0.1652,0.4429,0.1122,1,0,0
R1,800,top-to-bottom-center,454,0.1857,0.1467,0.1693,0.4429,0.1122,1,0,0
R1,800,top-to-bottom-center,454,0.2286,0.1581,0.1812,0.4429,0.1122,1,0,0
R1,800,top-to-bottom-center,454,0.3857,0.1714,0.2221,0.4429,0.1122,1,0,0
R1,800,top-to-bottom-center,454,0.1571,0.1705,0.2091,0.4429,0.1122,1,0,0
R1,800,top-to-bottom-center,454,0.1286,0.1743,0.193,0.4429,0.1122,1,0,1
R1,800,top-to-bottom-center,454,0.3143,0.1857,0.2173,0.4429,0.1122,1,0,0
R1,800,top-to-bottom-center,454,0.2143,0.1876,0.2167,0.4429,0.1122,1,0,1
R1,800,top-to-bottom-center,473,0.1,0.1819,0.1933,0.4429,0.1122,1,0,0
R1,800,top-to-bottom-center,473,0.1429,0.1819,0.1832,0.4429,0.1122,1,0,0
R1,800,top-to-bottom-center,473,0.0429,0.181,0.1552,0.4429,0.1122,1,0,0
R1,800,top-to-bottom-center,473,0.2,0.1867,0.1641,0.4429,0.1122,1,0,1
R1,800,top-to-bottom-center,473,0.1286,0.1876,0.157,0.4429,0.1122,1,0,0
R1,800,top-to-bottom-center,473,0.1857,0.1933,0.1628,0.4429,0.1122,1,0,0
R1,800,top-to-bottom-center,473,0.2,0.1914,0.1702,0.4429,0.1122,1,0,0
R1,800,top-to-bottom-center,473,0.1,0.181,0.1562,0.4429,0.1122,1,0,0
R1,800,top-to-bottom-center,473,0.0571,0.1724,0.1364,0.4429,0.1122,1,0,1
R1,800,top-to-bottom-center,479,0.1857,0.1695,0.1462,0.4429,0.1122,1,0,0
R1,800,top-to-bottom-center,479,0.1857,0.1562,0.1541,0.4429,0.1122,1,0,0
R1,800,top-to-bottom-center,479,0.2286,0.161,0.169,0.4429,0.1122,1,0,1
R1,800,top-to-bottom-center,479,0.2714,0.1705,0.1895,0.4429,0.1122,1,0,0
R1,800,top-to-bottom-center,479,0.3143,0.1705,0.2145,0.4429,0.1122,1,0,0
R1,800,top-to-bottom-center,479,0.1429,0.1657,0.2001,0.4429,0.1122,1,0,1
R1,800,top-to-bottom-center,479,0.0857,0.1648,0.1773,0.4429,0.1122,1,0,0
R1,800,top-to-bottom-center,479,0.1714,0.1667,0.1761,0.4429,0.1122,1,0,0
R1,800,top-to-bottom-center,479,0.2571,0.181,0.1923,0.4429,0.1122,1,0,1
R1,800,top-to-bottom-center,492,0.3143,0.1886,0.2167,0.4429,0.1122,1,0,0
R1,800,top-to-bottom-center,492,0.0143,0.181,0.1762,0.4429,0.1122,1,0,1
R1,800,top-to-bottom-center,492,0.1857,0.181,0.1781,0.4429,0.1122,1,0,0
R1,800,top-to-bottom-center,492,0.1571,0.1781,0.1739,0.4429,0.1122,1,0,0
R1,800,top-to-bottom-center,492,0.0571,0.1752,0.1506,0.4429,0.1122,1,0,0
R1,800,top-to-bottom-center,492,0.1429,0.181,0.149,0.4429,0.1122,1,0,0
R1,800,top-to-bottom-center,492,0.1714,0.18,0.1535,0.4429,0.1122,1,0,0
R1,800,top-to-bottom-center,492,0.0429,0.1705,0.1314,0.4429,0.1122,1,0,0
R1,800,top-to-bottom-center,492,0.2,0.1686,0.1451,0.4429,0.1122,1,0,1
R1,800,top-to-bottom-center,499,0.1714,0.1619,0.1504,0.4429,0.1122,1,0,0
R1,800,top-to-bottom-center,499,0.2,0.1543,0.1603,0.4429,0.1122,1,0,0
R1,800,top-to-bottom-center,499,0.3429,0.1676,0.1968,0.4429,0.1122,1,0,1
R1,800,top-to-bottom-center,499,0.2429,0.1781,0.206,0.4429,0.1122,1,0,0
R1,800,top-to-bottom-center,499,0.2286,0.1819,0.2105,0.4429,0.1122,1,0,0
R1,800,top-to-bottom-center,499,0.1571,0.1752,0.1999,0.4429,0.1122,1,0,0
R1,800,top-to-bottom-center,499,0.3429,0.1771,0.2285,0.4429,0.1122,1,0,0
R1,800,top-to-bottom-center,499,0.1571,0.1867,0.2142,0.4429,0.1122,1,0,0
R1,800,top-to-bottom-center,499,0.2429,0.1905,0.2199,0.4429,0.1122,1,0,0
R1,800,top-to-bottom-center,501,0.1857,0.1924,0.2131,0.4429,0.1122,1,0,0
R1,800,top-to-bottom-center,501,0.2,0.2019,0.2105,0.4429,0.1122,1,0,0
R1,800,top-to-bottom-center,501,0.2714,0.2105,0.2227,0.4429,0.1122,1,0,0
R1,800,top-to-bottom-center,501,0.3429,0.2219,0.2467,0.4429,0.1122,1,0,1
R1,800,top-to-bottom-center,501,0.2429,0.2352,0.2459,0.4429,0.1122,1,0,0
R1,800,top-to-bottom-center,501,0.1714,0.2333,0.231,0.4429,0.1122,1,0,0
R1,800,top-to-bottom-center,501,0.2571,0.239,0.2363,0.4429,0.1122,1,0,0
R1,800,top-to-bottom-center,501,0.1714,0.2371,0.2233,0.4429,0.1122,1,0,0
R1,800,top-to-bottom-center,501,0.3429,0.2371,0.2472,0.4429,0.1122,1,0,0
R1,800,top-to-bottom-center,513,0.2857,0.24,0.2549,0.4429,0.1122,1,0,0
R1,800,top-to-bottom-center,513,0.0714,0.2295,0.2182,0.4429,0.1122,1,0,0
R1,800,top-to-bottom-center,513,0.3429,0.2419,0.2431,0.4429,0.1122,1,0,0
R1,800,top-to-bottom-center,513,0.2,0.2324,0.2345,0.4429,0.1122,1,0,0
R1,800,top-to-bottom-center,513,0.3,0.2419,0.2476,0.4429,0.1122,1,0,0
R1,800,top-to-bottom-center,513,0.2,0.239,0.2381,0.4429,0.1122,1,0,0
R1,800,top-to-bottom-center,513,0.1857,0.239,0.2276,0.4429,0.1122,1,0,0
R1,800,top-to-bottom-center,513,0.1857,0.2381,0.2192,0.4429,0.1122,1,0,0
R1,800,top-to-bottom-center,513,0.2286,0.2352,0.2211,0.4429,0.1122,1,0,0
R1,800,top-to-bottom-center,526,0.3286,0.2343,0.2426,0.4429,0.1122,1,0,0
R1,800,top-to-bottom-center,526,0.2429,0.2343,0.2426,0.4429,0.1122,1,0,0
R1,800,top-to-bottom-center,526,0.3571,0.2467,0.2655,0.4429,0.1122,1,0,0
R1,800,top-to-bottom-center,526,0.1571,0.24,0.2439,0.4429,0.1122,1,0,0
R1,800,top-to-bottom-center,526,0.1429,0.2381,0.2237,0.4429,0.1122,1,0,0
R1,800,top-to-bottom-center,526,0.3,0.2352,0.2389,0.4429,0.1122,1,0,0
R1,800,top-to-bottom-center,526,0.1714,0.2276,0.2254,0.4429,0.1122,1,0,0
R1,800,top-to-bottom-center,526,0.2143,0.2371,0.2232,0.4429,0.1122,1,0,0
R1,800,top-to-bottom-center,526,0.2429,0.2305,0.2271,0.4429,0.1122,1,0,0
R1,800,top-to-bottom-center,540,0.2571,0.2343,0.2331,0.4429,0.1122,1,0,0
R1,800,top-to-bottom-center,540,0.2571,0.2314,0.2379,0.4429,0.1122,1,1,0
R1,800,top-to-bottom-center,540,0.2714,0.2362,0.2446,0.4429,0.1122,1,0,0
R1,800,top-to-bottom-center,540,0.2714,0.2419,0.25,0.4429,0.1122,1,0,0
R1,800,top-to-bottom-center,540,0.2286,0.2448,0.2457,0.4429,0.1122,1,0,0
R1,800,top-to-bottom-center,540,0.4286,0.2581,0.2823,0.4429,0.1122,1,1,0
R1,800,top-to-bottom-center,540,0.4286,0.2648,0.3115,0.4429,0.1122,1,0,0
R1,800,top-to-bottom-center,540,0.1714,0.26,0.2835,0.4429,0.1122,1,0,0
R1,800,top-to-bottom-center,540,0.1857,0.2486,0.264,0.4429,0.1122,1,0,0
R1,800,top-to-bottom-center,554,0.1571,0.2486,0.2426,0.4429,0.1122,1,0,0
R1,800,top-to-bottom-center,554,0.3143,0.26,0.2569,0.4429,0.1122,1,0,0
R1,800,top-to-bottom-center,554,0.3,0.26,0.2655,0.4429,0.1122,1,1,0
R1,800,top-to-bottom-center,554,0.3286,0.2705,0.2782,0.4429,0.1122,1,1,0
R1,800,top-to-bottom-center,554,0.2286,0.2714,0.2682,0.4429,0.1122,1,1,0
R1,800,top-to-bottom-center,554,0.1571,0.2657,0.246,0.4429,0.1122,1,0,0
R1,800,top-to-bottom-center,554,0.2571,0.2657,0.2482,0.4429,0.1122,1,1,1
R1,800,top-to-bottom-center,554,0.1429,0.2581,0.2272,0.4429,0.1122,1,0,0
R1,800,top-to-bottom-center,554,0.1,0.2467,0.2017,0.4429,0.1122,1,0,0
R1,800,top-to-bottom-center,561,0.2571,0.2457,0.2128,0.4429,0.1122,1,0,0
R1,800,top-to-bottom-center,561,0.3286,0.2524,0.236,0.4429,0.1122,1,0,0
R1,800,top-to-bottom-center,561,0.3286,0.2457,0.2545,0.4429,0.1122,1,1,0
R1,800,top-to-bottom-center,561,0.2571,0.2343,0.255,0.4429,0.1122,1,0,0
R1,800,top-to-bottom-center,561,0.4,0.2495,0.284,0.4429,0.1122,1,0,0
R1,800,top-to-bottom-center,561,0.2714,0.2552,0.2815,0.4429,0.1122,1,0,0
R1,800,top-to-bottom-center,561,0.4429,0.2743,0.3138,0.4429,0.1122,1,1,0
R1,800,top-to-bottom-center,561,0.3857,0.279,0.3282,0.4429,0.1122,1,1,0
R1,800,top-to-bottom-center,561,0.5571,0.2962,0.374,0.4429,0.1122,1,1,0
R1,800,top-to-bottom-center,573,0.1857,0.2867,0.3363,0.4429,0.1122,1,0,0
R1,800,top-to-bottom-center,573,0.6286,0.3133,0.3948,0.4429,0.1122,1,1,0
R1,800,top-to-bottom-center,573,0.2,0.3162,0.3558,0.4429,0.1122,1,0,1
R1,800,top-to-bottom-center,573,0.2143,0.3133,0.3275,0.4429,0.1122,1,0,0
R1,800,top-to-bottom-center,573,0.2857,0.3229,0.3191,0.4429,0.1122,1,0,0
R1,800,top-to-bottom-center,573,0.2429,0.3324,0.3039,0.4429,0.1122,1,1,0
R1,800,top-to-bottom-center,573,0.2714,0.3333,0.2974,0.4429,0.1122,1,1,1
R1,800,top-to-bottom-center,573,0.2857,0.3305,0.2951,0.4429,0.1122,1,0,0
R1,800,top-to-bottom-center,573,0.3857,0.3343,0.3132,0.4429,0.1122,1,0,0
R1,800,top-to-bottom-center,608,0.2857,0.3362,0.3077,0.4429,0.1122,1,0,0
R1,800,top-to-bottom-center,608,0.3571,0.3333,0.3176,0.4429,0.1122,1,1,1
R1,800,top-to-bottom-center,608,0.2429,0.3314,0.3026,0.4429,0.1122,1,0,0
R1,800,top-to-bottom-center,608,0.3714,0.3267,0.3164,0.4429,0.1122,1,1,0
R1,800,top-to-bottom-center,608,0.2143,0.3152,0.296,0.4429,0.1122,1,0,0
R1,800,top-to-bottom-center,623,0.2714,0.2962,0.2911,0.4429,0.1122,1,1,0
R1,800,top-to-bottom-center,623,0.7571,0.3343,0.3843,0.4429,0.1122,1,1,0
R1,800,top-to-bottom-center,623,0.5429,0.3286,0.416,0.4429,0.1122,1,1,1
R1,800,top-to-bottom-center,623,0.3429,0.3381,0.4014,0.4429,0.1122,1,0,0
R1,800,top-to-bottom-center,623,0.7286,0.3724,0.4668,0.4429,0.1122,1,1,1
R1,800,top-to-bottom-center,623,0.7571,0.4038,0.5249,0.4429,0.1122,1,1,0
R1,800,top-to-bottom-center,623,0.4714,0.419,0.5142,0.4429,0.1122,1,1,0
R1,800,top-to-bottom-center,623,0.3143,0.4219,0.4742,0.4429,0.1122,1,0,1
R1,800,top-to-bottom-center,623,0.4429,0.4324,0.4679,0.4429,0.1122,1,1,1
R1,800,top-to-bottom-center,627,0.4429,0.4362,0.4629,0.4429,0.1122,1,1,0
R1,800,top-to-bottom-center,627,0.4286,0.4457,0.4561,0.4429,0.1122,1,1,0
R1,800,top-to-bottom-center,627,0.7,0.4686,0.5048,0.4429,0.1122,1,1,0
R1,800,top-to-bottom-center,627,0.6714,0.4971,0.5382,0.4429,0.1122,1,1,1
R1,800,top-to-bottom-center,627,0.7286,0.521,0.5762,0.4429,0.1122,1,1,0
R1,800,top-to-bottom-center,627,0.4571,0.5371,0.5524,0.4429,0.1122,1,1,0
R1,800,top-to-bottom-center,627,0.2857,0.5381,0.4991,0.4429,0.1122,1,1,1
R1,800,top-to-bottom-center,627,0.7571,0.5381,0.5507,0.4429,0.1122,1,1,0
R1,800,top-to-bottom-center,627,0.2571,0.519,0.492,0.4429,0.1122,1,1,0
R1,800,top-to-bottom-center,631,0.9143,0.5571,0.5764,0.4429,0.1122,1,1,0
R1,800,top-to-bottom-center,631,0.5571,0.5457,0.5726,0.4429,0.1122,1,1,0
R1,800,top-to-bottom-center,631,0.4286,0.5238,0.5438,0.4429,0.1122,1,1,1
R1,800,top-to-bottom-center,631,0.6143,0.5333,0.5579,0.4429,0.1122,1,1,1
R1,800,top-to-bottom-center,631,0.9,0.5724,0.6263,0.4429,0.1122,1,0,1
R1,800,top-to-bottom-center,631,0.6857,0.5886,0.6382,0.4429,0.1122,1,1,0
R1,800,top-to-bottom-center,631,0.6286,0.601,0.6363,0.4429,0.1122,1,1,0
R1,800,top-to-bottom-center,631,0.9286,0.6343,0.6947,0.4429,0.1122,1,1,0
R1,800,top-to-bottom-center,631,0.8,0.641,0.7158,0.4429,0.1122,1,1,0
R1,800,top-to-bottom-center,638,0.5857,0.6352,0.6898,0.4429,0.1122,1,1,0
R1,800,top-to-bottom-center,638,0.7571,0.6371,0.7032,0.4429,0.1122,1,0,0
R1,800,top-to-bottom-center,638,0.7571,0.6571,0.714,0.4429,0.1122,1,1,0
R1,800,top-to-bottom-center,638,0.9,0.6981,0.7512,0.4429,0.1122,1,1,0
R1,800,top-to-bottom-center,638,0.8571,0.7048,0.7724,0.4429,0.1122,1,1,0
R1,800,top-to-bottom-center,638,0.5571,0.7248,0.7294,0.4429,0.1122,1,1,1
R1,800,top-to-bottom-center,638,0.4143,0.6914,0.6663,0.4429,0.1122,1,0,0
R1,800,top-to-bottom-center,638,0.4571,0.6848,0.6245,0.4429,0.1122,1,0,1
R1,800,top-to-bottom-center,638,0.7714,0.7076,0.6539,0.4429,0.1122,1,1,0
R1,800,top-to-bottom-center,641,0.4429,0.6962,0.6117,0.4429,0.1122,1,0,0
R1,800,top-to-bottom-center,641,0.8,0.6895,0.6493,0.4429,0.1122,1,1,0
R1,800,top-to-bottom-center,641,0.4857,0.6762,0.6166,0.4429,0.1122,1,1,1
R1,800,top-to-bottom-center,641,0.3571,0.6581,0.5647,0.4429,0.1122,1,0,1
R1,800,top-to-bottom-center,641,0.8571,0.6533,0.6232,0.4429,0.1122,1,0,0
R1,800,top-to-bottom-center,641,0.7,0.6467,0.6386,0.4429,0.1122,1,0,0
R1,800,top-to-bottom-center,641,0.6857,0.6533,0.648,0.4429,0.1122,1,1,1
R1,800,top-to-bottom-center,641,0.8429,0.659,0.687,0.4429,0.1122,1,1,0
R1,800,top-to-bottom-center,641,0.5571,0.6457,0.661,0.4429,0.1122,1,0,0
R1,800,top-to-bottom-center,651,0.5,0.619,0.6288,0.4429,0.1122,1,0,0
R1,800,top-to-bottom-center,651,0.8286,0.6171,0.6688,0.4429,0.1122,1,0,0
R1,800,top-to-bottom-center,651,0.7714,0.6314,0.6893,0.4429,0.1122,1,1,0
R1,800,top-to-bottom-center,651,0.6857,0.6495,0.6886,0.4429,0.1122,1,0,1
R1,800,top-to-bottom-center,651,0.7143,0.6667,0.6937,0.4429,0.1122,1,0,0
R1,800,top-to-bottom-center,651,0.7571,0.6657,0.7064,0.4429,0.1122,1,0,0
R1,900,top-to-bottom-center,10,0.1286,0.1286,0.3137,0.9971,0.36,0,0,1
R1,900,top-to-bottom-center,10,0.3143,0.2214,0.3138,0.9971,0.36,1,0,0
R1,900,top-to-bottom-center,10,0.5286,0.3238,0.3568,0.9971,0.36,0,0,1
R1,900,top-to-bottom-center,33,0.1714,0.2857,0.3197,0.9971,0.36,0,0,1
R1,900,top-to-bottom-center,33,0.2429,0.2771,0.3043,0.9971,0.36,0,0,0
R1,900,top-to-bottom-center,33,0.1714,0.2595,0.2777,0.9971,0.36,0,0,1
R1,900,top-to-bottom-center,33,0.0714,0.2327,0.2365,0.9971,0.36,0,0,1
R1,900,top-to-bottom-center,33,0.0143,0.2054,0.192,0.9971,0.36,1,0,0
R1,900,top-to-bottom-center,33,0.0429,0.1873,0.1622,0.9971,0.36,0,0,1
R1,900,top-to-bottom-center,37,0.0857,0.1771,0.1469,0.9971,0.36,0,0,1
R1,900,top-to-bottom-center,37,0.5,0.2065,0.2175,0.9971,0.36,1,0,0
R1,900,top-to-bottom-center,37,0.2143,0.2071,0.2169,0.9971,0.36,1,0,0
R1,900,top-to-bottom-center,37,0.1571,0.2033,0.2049,0.9971,0.36,1,0,1
R1,900,top-to-bottom-center,37,0.4286,0.2194,0.2497,0.9971,0.36,0,0,1
R1,900,top-to-bottom-center,109,0.2429,0.221,0.2483,0.9971,0.36,1,0,0
R1,900,top-to-bottom-center,109,0.0714,0.2171,0.2129,0.9971,0.36,1,0,0
R1,900,top-to-bottom-center,126,0.3429,0.219,0.2389,0.9971,0.36,1,0,0
R1,900,top-to-bottom-center,126,0.1143,0.1914,0.214,0.9971,0.36,1,0,0
R1,900,top-to-bottom-center,126,0.2429,0.1962,0.2198,0.9971,0.36,1,0,1
R1,900,top-to-bottom-center,152,0.2429,0.1962,0.2244,0.9971,0.36,1,0,1
R1,900,top-to-bottom-center,166,0.1429,0.1943,0.2081,0.9971,0.36,0,0,1
R1,900,top-to-bottom-center,166,0.3,0.2095,0.2265,0.9971,0.36,1,0,0
R1,900,top-to-bottom-center,166,0.0571,0.2124,0.1926,0.9971,0.36,1,0,1
R1,900,top-to-bottom-center,166,0.1429,0.219,0.1826,0.9971,0.36,1,0,0
R1,900,top-to-bottom-center,166,0.0429,0.2162,0.1547,0.9971,0.36,0,0,0
R1,900,top-to-bottom-center,179,0.0571,0.1867,0.1352,0.9971,0.36,1,0,1
R1,900,top-to-bottom-center,179,0.4857,0.2048,0.2053,0.9971,0.36,1,0,0
R1,900,top-to-bottom-center,179,0.1143,0.2019,0.1871,0.9971,0.36,0,0,0
R1,900,top-to-bottom-center,179,0.2,0.1867,0.1897,0.9971,0.36,1,0,0
R1,900,top-to-bottom-center,179,0.2143,0.1848,0.1946,0.9971,0.36,1,0,0
R1,900,top-to-bottom-center,179,0.2857,0.199,0.2128,0.9971,0.36,1,0,0
R1,900,top-to-bottom-center,179,0.0714,0.181,0.1845,0.9971,0.36,0,0,0
R1,900,top-to-bottom-center,179,0.4143,0.201,0.2305,0.9971,0.36,1,0,0
R1,900,top-to-bottom-center,192,0.5,0.2181,0.2844,0.9971,0.36,1,0,0
R1,900,top-to-bottom-center,192,0.1857,0.2143,0.2647,0.9971,0.36,1,0,0
R1,900,top-to-bottom-center,192,0.1,0.2114,0.2317,0.9971,0.36,1,0,0
R1,900,top-to-bottom-center,192,0.1571,0.2019,0.2168,0.9971,0.36,1,0,0
R1,900,top-to-bottom-center,192,0.2714,0.2162,0.2277,0.9971,0.36,1,0,0
R1,900,top-to-bottom-center,192,0.2143,0.221,0.225,0.9971,0.36,1,0,0
R1,900,top-to-bottom-center,192,0.1571,0.2286,0.2115,0.9971,0.36,1,0,0
R1,900,top-to-bottom-center,192,0.0286,0.2267,0.1749,0.9971,0.36,1,0,0
R1,900,top-to-bottom-center,192,0.6429,0.2371,0.2685,0.9971,0.36,1,0,0
R1,900,top-to-bottom-center,194,0.4,0.2562,0.2948,0.9971,0.36,1,0,0
R1,900,top-to-bottom-center,194,0.2857,0.2619,0.293,0.9971,0.36,1,0,0
R1,900,top-to-bottom-center,194,0.3429,0.2705,0.3029,0.9971,0.36,1,0,1
R1,900,top-to-bottom-center,194,0.1714,0.2629,0.2766,0.9971,0.36,1,0,0
R1,900,top-to-bottom-center,194,0.7286,0.3067,0.367,0.9971,0.36,1,0,0
R1,900,top-to-bottom-center,194,0.1,0.2857,0.3136,0.9971,0.36,1,0,0
R1,900,top-to-bottom-center,194,0.6429,0.2952,0.3795,0.9971,0.36,1,0,0
R1,900,top-to-bottom-center,194,0.3286,0.3048,0.3693,0.9971,0.36,1,0,0
R1,900,top-to-bottom-center,207,0.8286,0.3533,0.4611,0.9971,0.36,1,0,0
R1,900,top-to-bottom-center,207,0.4143,0.3705,0.4518,0.9971,0.36,1,0,0
R1,900,top-to-bottom-center,207,0.4714,0.3838,0.4557,0.9971,0.36,1,0,0
R1,900,top-to-bottom-center,207,0.7571,0.42,0.516,0.9971,0.36,1,0,0
R1,900,top-to-bottom-center,207,0.3857,0.4352,0.4899,0.9971,0.36,1,0,0
R1,900,top-to-bottom-center,207,0.6,0.4733,0.5119,0.9971,0.36,1,0,0
R1,900,top-to-bottom-center,207,0.7143,0.4781,0.5524,0.9971,0.36,1,0,0
R1,900,top-to-bottom-center,207,0.6286,0.4933,0.5676,0.9971,0.36,1,0,1
R1,900,top-to-bottom-center,207,0.5429,0.5105,0.5627,0.9971,0.36,1,0,1
R1,900,top-to-bottom-center,210,0.4143,0.5152,0.533,0.9971,0.36,1,0,1
R1,900,top-to-bottom-center,210,0.5857,0.5429,0.5435,0.9971,0.36,1,0,1
R1,900,top-to-bottom-center,210,0.3571,0.5181,0.5063,0.9971,0.36,1,0,0
R1,900,top-to-bottom-center,210,0.4571,0.5419,0.4964,0.9971,0.36,1,0,0
R1,900,top-to-bottom-center,210,0.6286,0.541,0.5229,0.9971,0.36,1,0,1
R1,900,top-to-bottom-center,210,0.8143,0.5733,0.5812,0.9971,0.36,1,0,0
R1,900,top-to-bottom-center,210,0.7286,0.5667,0.6106,0.9971,0.36,1,0,0
R1,900,top-to-bottom-center,210,0.7429,0.5886,0.6371,0.9971,0.36,1,0,0
R1,900,top-to-bottom-center,210,0.5857,0.5962,0.6268,0.9971,0.36,1,0,0
R1,900,top-to-bottom-center,221,0.6,0.5857,0.6214,0.9971,0.36,1,0,0
R1,900,top-to-bottom-center,221,0.6143,0.601,0.62,0.9971,0.36,1,0,0
R1,900,top-to-bottom-center,221,0.6571,0.6048,0.6274,0.9971,0.36,1,0,0
R1,900,top-to-bottom-center,221,0.3,0.5771,0.562,0.9971,0.36,1,0,1
R1,900,top-to-bottom-center,221,0.5714,0.5733,0.5638,0.9971,0.36,1,0,0
R1,900,top-to-bottom-center,221,0.5286,0.5724,0.5568,0.9971,0.36,1,0,0
R1,900,top-to-bottom-center,221,0.4571,0.5752,0.5369,0.9971,0.36,1,0,0
R1,900,top-to-bottom-center,221,0.4143,0.5638,0.5123,0.9971,0.36,1,0,1
R1,900,top-to-bottom-center,221,0.3,0.56,0.4699,0.9971,0.36,1,0,0
R1,900,top-to-bottom-center,234,0.5571,0.5667,0.4873,0.9971,0.36,1,0,0
R1,900,top-to-bottom-center,234,0.4714,0.5562,0.4842,0.9971,0.36,1,0,0
R1,900,top-to-bottom-center,234,0.4429,0.5314,0.4759,0.9971,0.36,1,0,0
R1,900,top-to-bottom-center,234,0.1571,0.4933,0.4121,0.9971,0.36,1,0,1
R1,900,top-to-bottom-center,234,0.5571,0.481,0.4411,0.9971,0.36,1,0,0
R1,900,top-to-bottom-center,234,0.3714,0.4667,0.4272,0.9971,0.36,1,0,0
R1,900,top-to-bottom-center,234,0.2857,0.4457,0.3989,0.9971,0.36,1,0,0
R1,900,top-to-bottom-center,234,0.5429,0.441,0.4277,0.9971,0.36,1,0,0
R1,900,top-to-bottom-center,234,0.5143,0.4314,0.445,0.9971,0.36,1,0,0
R1,900,top-to-bottom-center,251,0.2714,0.4295,0.4103,0.9971,0.36,1,0,0
R1,900,top-to-bottom-center,251,0.1286,0.4,0.354,0.9971,0.36,1,0,0
R1,900,top-to-bottom-center,251,0.5,0.3981,0.3832,0.9971,0.36,1,0,0
R1,900,top-to-bottom-center,251,0.3714,0.3924,0.3808,0.9971,0.36,1,0,0
R1,900,top-to-bottom-center,251,0.3714,0.3895,0.3789,0.9971,0.36,1,0,0
R1,900,top-to-bottom-center,251,0.3571,0.3933,0.3746,0.9971,0.36,1,0,0
R1,900,top-to-bottom-center,251,0.3,0.3762,0.3597,0.9971,0.36,1,0,0
R1,900,top-to-bottom-center,251,0.5429,0.381,0.3963,0.9971,0.36,1,0,0
R1,900,top-to-bottom-center,251,0.3143,0.3724,0.3799,0.9971,0.36,1,0,0
R1,900,top-to-bottom-center,263,0.7571,0.4124,0.4553,0.9971,0.36,1,0,0
R1,900,top-to-bottom-center,263,0.4857,0.4076,0.4614,0.9971,0.36,1,0,0
R1,900,top-to-bottom-center,263,0.4429,0.4124,0.4577,0.9971,0.36,1,0,1
R1,900,top-to-bottom-center,263,0.7857,0.4457,0.5233,0.9971,0.36,1,0,0
R1,900,top-to-bottom-center,263,0.2571,0.4267,0.4701,0.9971,0.36,1,0,0
R1,900,top-to-bottom-center,263,0.4857,0.4248,0.4732,0.9971,0.36,1,0,0
R1,900,top-to-bottom-center,263,0.3286,0.4286,0.4443,0.9971,0.36,1,0,0
R1,900,top-to-bottom-center,263,0.5286,0.4552,0.4611,0.9971,0.36,1,0,0
R1,900,top-to-bottom-center,263,0.5571,0.459,0.4803,0.9971,0.36,1,0,0
R1,900,top-to-bottom-center,275,0.4143,0.4619,0.4671,0.9971,0.36,1,0,0
R1,900,top-to-bottom-center,275,0.4429,0.4667,0.4623,0.9971,0.36,1,0,1
R1,900,top-to-bottom-center,275,0.4286,0.4714,0.4555,0.9971,0.36,1,0,0
R1,900,top-to-bottom-center,275,0.4286,0.48,0.4501,0.9971,0.36,1,0,0
R1,900,top-to-bottom-center,275,0.3429,0.4667,0.4287,0.9971,0.36,1,0,0
R1,900,top-to-bottom-center,275,0.2857,0.4648,0.4001,0.9971,0.36,1,0,0
R1,900,top-to-bottom-center,275,0.2143,0.4286,0.3629,0.9971,0.36,1,0,0
R1,900,top-to-bottom-center,275,0.2286,0.4114,0.3361,0.9971,0.36,1,0,0
R1,900,top-to-bottom-center,275,0.2286,0.3971,0.3146,0.9971,0.36,1,0,0
R1,900,top-to-bottom-center,288,0.2429,0.361,0.3002,0.9971,0.36,1,0,0
R1,900,top-to-bottom-center,288,0.2143,0.3581,0.283,0.9971,0.36,1,0,0
R1,900,top-to-bottom-center,288,0.3857,0.3514,0.3036,0.9971,0.36,1,0,0
R1,900,top-to-bottom-center,288,0.2857,0.3486,0.3,0.9971,0.36,1,0,0
R1,900,top-to-bottom-center,288,0.3286,0.3352,0.3057,0.9971,0.36,1,0,0
R1,900,top-to-bottom-center,288,0.3857,0.3238,0.3217,0.9971,0.36,1,0,0
R1,900,top-to-bottom-center,288,0.2857,0.3152,0.3145,0.9971,0.36,1,0,0
R1,900,top-to-bottom-center,288,0.2429,0.3019,0.3002,0.9971,0.36,1,0,0
R1,900,top-to-bottom-center,288,0.3429,0.2962,0.3087,0.9971,0.36,1,0,0
R1,900,top-to-bottom-center,290,0.4571,0.2981,0.3384,0.9971,0.36,1,0,0
R1,900,top-to-bottom-center,290,0.2857,0.2943,0.3279,0.9971,0.36,1,0,0
R1,900,top-to-bottom-center,290,0.3286,0.2971,0.328,0.9971,0.36,1,0,0
R1,900,top-to-bottom-center,290,0.4,0.3095,0.3424,0.9971,0.36,1,0,0
R1,900,top-to-bottom-center,290,0.6,0.3343,0.3939,0.9971,0.36,1,0,0
R1,900,top-to-bottom-center,290,0.5286,0.3543,0.4209,0.9971,0.36,1,0,0
R1,900,top-to-bottom-center,290,0.5714,0.3762,0.451,0.9971,0.36,1,0,0
R1,900,top-to-bottom-center,290,0.4429,0.3914,0.4493,0.9971,0.36,1,0,0
R1,900,top-to-bottom-center,290,0.4286,0.3943,0.4452,0.9971,0.36,1,0,0
R1,900,top-to-bottom-center,303,0.4286,0.4038,0.4419,0.9971,0.36,1,0,0
R1,900,top-to-bottom-center,303,0.5143,0.4162,0.4564,0.9971,0.36,1,0,0
R1,900,top-to-bottom-center,303,0.2143,0.4048,0.4079,0.9971,0.36,1,0,0
R1,900,top-to-bottom-center,303,0.6714,0.4305,0.4606,0.9971,0.36,1,0,0
R1,900,top-to-bottom-center,303,0.3857,0.44,0.4457,0.9971,0.36,1,0,1
R1,900,top-to-bottom-center,303,0.6571,0.461,0.4879,0.9971,0.36,1,0,0
R1,900,top-to-bottom-center,303,0.4429,0.46,0.4789,0.9971,0.36,1,0,0
R1,900,top-to-bottom-center,303,0.3286,0.4629,0.4489,0.9971,0.36,1,0,0
R1,900,top-to-bottom-center,303,0.3429,0.4638,0.4277,0.9971,0.36,1,0,0
R1,900,top-to-bottom-center,316,0.4857,0.4695,0.4393,0.9971,0.36,1,0,0
R1,900,top-to-bottom-center,316,0.2429,0.4457,0.4,0.9971,0.36,1,0,0
R1,900,top-to-bottom-center,316,0.3714,0.4352,0.3943,0.9971,0.36,1,0,1
R1,900,top-to-bottom-center,316,0.4143,0.4248,0.3983,0.9971,0.36,1,0,0
R1,900,top-to-bottom-center,316,0.2143,0.4095,0.3615,0.9971,0.36,1,0,0
R1,900,top-to-bottom-center,316,0.4286,0.4095,0.3749,0.9971,0.36,1,0,0
R1,900,top-to-bottom-center,316,0.2857,0.4,0.3571,0.9971,0.36,1,0,0
R1,900,top-to-bottom-center,316,0.4571,0.3962,0.3771,0.9971,0.36,1,0,0
R1,900,top-to-bottom-center,316,0.3857,0.4076,0.3788,0.9971,0.36,1,0,0
R1,900,top-to-bottom-center,332,0.2143,0.3771,0.3459,0.9971,0.36,1,0,0
R1,900,top-to-bottom-center,332,0.3429,0.3743,0.3453,0.9971,0.36,1,0,0
R1,900,top-to-bottom-center,332,0.5571,0.3676,0.3877,0.9971,0.36,1,0,0
R1,900,top-to-bottom-center,332,0.3857,0.3638,0.3873,0.9971,0.36,1,0,0
R1,900,top-to-bottom-center,332,0.2714,0.36,0.3641,0.9971,0.36,1,0,0
R1,900,top-to-bottom-center,332,0.3857,0.3629,0.3684,0.9971,0.36,1,0,0
R1,900,top-to-bottom-center,332,0.3857,0.3562,0.3719,0.9971,0.36,1,0,0
R1,900,top-to-bottom-center,332,0.5,0.3733,0.3975,0.9971,0.36,1,0,0
R1,900,top-to-bottom-center,332,0.2429,0.3648,0.3666,0.9971,0.36,1,0,0
R1,900,top-to-bottom-center,347,0.3714,0.3619,0.3675,0.9971,0.36,1,0,0
R1,900,top-to-bottom-center,347,0.4857,0.38,0.3912,0.9971,0.36,1,0,0
R1,900,top-to-bottom-center,347,0.2571,0.3686,0.3644,0.9971,0.36,1,0,0
R1,900,top-to-bottom-center,347,0.4,0.3762,0.3715,0.9971,0.36,1,0,0
R1,900,top-to-bottom-center,347,0.4,0.3724,0.3772,0.9971,0.36,1,0,0
R1,900,top-to-bottom-center,347,0.2714,0.3648,0.356,0.9971,0.36,1,0,0
R1,900,top-to-bottom-center,347,0.2714,0.3686,0.3391,0.9971,0.36,1,0,0
R1,900,top-to-bottom-center,347,0.2714,0.3638,0.3256,0.9971,0.36,1,0,0
R1,900,top-to-bottom-center,347,0.3857,0.3524,0.3376,0.9971,0.36,1,0,0
R1,900,top-to-bottom-center,362,0.3429,0.3495,0.3387,0.9971,0.36,1,0,0
R1,900,top-to-bottom-center,362,0.3286,0.3533,0.3366,0.9971,0.36,1,0,0
R1,900,top-to-bottom-center,362,0.2429,0.3438,0.3179,0.9971,0.36,1,0,0
R1,900,top-to-bottom-center,362,0.2286,0.3333,0.3,0.9971,0.36,1,0,0
R1,900,top-to-bottom-center,362,0.3429,0.3229,0.3086,0.9971,0.36,1,0,0
R1,900,top-to-bottom-center,362,0.3714,0.3314,0.3212,0.9971,0.36,1,0,0
R1,900,top-to-bottom-center,362,0.1714,0.3181,0.2912,0.9971,0.36,1,0,0
R1,900,top-to-bottom-center,362,0.1429,0.2952,0.2615,0.9971,0.36,1,0,0
R1,900,top-to-bottom-center,362,0.3,0.2981,0.2692,0.9971,0.36,1,0,0
R1,900,top-to-bottom-center,376,0.3,0.2914,0.2754,0.9971,0.36,1,0,0
R1,900,top-to-bottom-center,376,0.3429,0.2876,0.2889,0.9971,0.36,1,0,0
R1,900,top-to-bottom-center,376,0.2143,0.2838,0.274,0.9971,0.36,1,0,0
R1,900,top-to-bottom-center,376,0.2857,0.2848,0.2763,0.9971,0.36,1,0,0
R1,900,top-to-bottom-center,376,0.2857,0.2857,0.2782,0.9971,0.36,1,0,0
R1,900,top-to-bottom-center,376,0.2286,0.2752,0.2683,0.9971,0.36,1,0,0
R1,900,top-to-bottom-center,376,0.2,0.2657,0.2546,0.9971,0.36,1,0,0
R1,900,top-to-bottom-center,376,0.2143,0.2581,0.2465,0.9971,0.36,1,0,0
R1,900,top-to-bottom-center,376,0.2143,0.2562,0.2401,0.9971,0.36,1,0,0
R1,900,top-to-bottom-center,392,0.3857,0.2667,0.2692,0.9971,0.36,1,0,0
R1,900,top-to-bottom-center,392,0.2714,0.2619,0.2697,0.9971,0.36,1,0,0
R1,900,top-to-bottom-center,392,0.3429,0.26,0.2843,0.9971,0.36,1,0,0
R1,900,top-to-bottom-center,392,0.3143,0.2695,0.2903,0.9971,0.36,1,0,1
R1,900,top-to-bottom-center,392,0.3,0.28,0.2922,0.9971,0.36,1,0,0
R1,900,top-to-bottom-center,392,0.3286,0.2819,0.2995,0.9971,0.36,1,0,0
R1,900,top-to-bottom-center,392,0.2857,0.281,0.2967,0.9971,0.36,1,0,0
R1,900,top-to-bottom-center,392,0.3143,0.279,0.3003,0.9971,0.36,1,0,0
R1,900,top-to-bottom-center,392,0.1714,0.2762,0.2745,0.9971,0.36,1,0,0
R1,900,top-to-bottom-center,405,0.2286,0.2724,0.2653,0.9971,0.36,1,0,0
R1,900,top-to-bottom-center,405,0.2429,0.2695,0.2608,0.9971,0.36,1,0,0
R1,900,top-to-bottom-center,405,0.3286,0.2762,0.2744,0.9971,0.36,1,0,0
R1,900,top-to-bottom-center,405,0.3571,0.2867,0.2909,0.9971,0.36,1,0,0
R1,900,top-to-bottom-center,405,0.3286,0.2943,0.2985,0.9971,0.36,1,0,0
R1,900,top-to-bottom-center,405,0.3143,0.301,0.3016,0.9971,0.36,1,0,1
R1,900,top-to-bottom-center,405,0.4143,0.3029,0.3242,0.9971,0.36,1,0,0
R1,900,top-to-bottom-center,405,0.2857,0.3038,0.3165,0.9971,0.36,1,0,0
R1,900,top-to-bottom-center,405,0.3,0.301,0.3132,0.9971,0.36,1,0,0
R1,900,top-to-bottom-center,418,0.3571,0.3038,0.322,0.9971,0.36,1,0,0
R1,900,top-to-bottom-center,418,0.2857,0.3029,0.3147,0.9971,0.36,1,0,0
R1,900,top-to-bottom-center,418,0.3,0.301,0.3118,0.9971,0.36,1,0,0
R1,900,top-to-bottom-center,418,0.4286,0.3105,0.3351,0.9971,0.36,1,0,0
R1,900,top-to-bottom-center,418,0.4143,0.3171,0.351,0.9971,0.36,1,0,0
R1,900,top-to-bottom-center,418,0.4143,0.3333,0.3636,0.9971,0.36,1,0,0
R1,900,top-to-bottom-center,418,0.3286,0.34,0.3566,0.9971,0.36,1,0,0
R1,900,top-to-bottom-center,418,0.2571,0.341,0.3367,0.9971,0.36,1,0,0
R1,900,top-to-bottom-center,418,0.2571,0.3362,0.3208,0.9971,0.36,1,0,0
R1,900,top-to-bottom-center,434,0.2571,0.3295,0.3081,0.9971,0.36,1,0,0
R1,900,top-to-bottom-center,434,0.3286,0.3295,0.3122,0.9971,0.36,1,0,0
R1,900,top-to-bottom-center,434,0.3143,0.3295,0.3126,0.9971,0.36,1,0,0
R1,900,top-to-bottom-center,434,0.2286,0.3171,0.2958,0.9971,0.36,1,0,0
R1,900,top-to-bottom-center,434,0.2143,0.3124,0.2795,0.9971,0.36,1,0,0
R1,900,top-to-bottom-center,434,0.2429,0.3086,0.2722,0.9971,0.36,1,0,0
R1,900,top-to-bottom-center,434,0.3143,0.3057,0.2806,0.9971,0.36,1,0,0
R1,900,top-to-bottom-center,434,0.2286,0.3019,0.2702,0.9971,0.36,1,0,0
R1,900,top-to-bottom-center,434,0.1571,0.2924,0.2476,0.9971,0.36,1,0,0
R1,900,top-to-bottom-center,444,0.3857,0.2895,0.2752,0.9971,0.36,1,0,0
R1,900,top-to-bottom-center,444,0.3714,0.2867,0.2944,0.9971,0.36,1,0,0
R1,900,top-to-bottom-center,444,0.4857,0.2914,0.3327,0.9971,0.36,1,0,0
R1,900,top-to-bottom-center,444,0.3143,0.2905,0.329,0.9971,0.36,1,0,0
R1,900,top-to-bottom-center,444,0.3,0.2933,0.3232,0.9971,0.36,1,0,0
R1,900,top-to-bottom-center,444,0.3429,0.299,0.3271,0.9971,0.36,1,0,0
R1,900,top-to-bottom-center,444,0.3571,0.3057,0.3331,0.9971,0.36,1,0,0
R1,900,top-to-bottom-center,444,0.2429,0.3,0.3151,0.9971,0.36,1,0,0
R1,900,top-to-bottom-center,444,0.4,0.3057,0.3321,0.9971,0.36,1,0,0
R1,900,top-to-bottom-center,486,0.2,0.3038,0.3057,0.9971,0.36,1,0,0
R1,900,top-to-bottom-center,486,0.2429,0.3057,0.2931,0.9971,0.36,1,0,0
R1,900,top-to-bottom-center,486,0.2857,0.3086,0.2916,0.9971,0.36,1,0,0
R1,900,top-to-bottom-center,486,0.1857,0.3,0.2704,0.9971,0.36,1,0,0
R1,900,top-to-bottom-center,486,0.1,0.2914,0.2364,0.9971,0.36,1,0,0
R1,900,top-to-bottom-center,486,0.1714,0.2924,0.2234,0.9971,0.36,1,0,0
R1,900,top-to-bottom-center,486,0.3143,0.2876,0.2416,0.9971,0.36,1,0,1
R1,900,top-to-bottom-center,486,0.2714,0.281,0.2475,0.9971,0.36,1,0,0
R1,900,top-to-bottom-center,486,0.1286,0.2571,0.2237,0.9971,0.36,1,0,0
R1,900,top-to-bottom-center,493,0.2,0.2495,0.219,0.9971,0.36,1,0,0
R1,900,top-to-bottom-center,493,0.1857,0.2419,0.2123,0.9971,0.36,1,0,0
R1,900,top-to-bottom-center,493,0.1143,0.2267,0.1927,0.9971,0.36,1,0,0
R1,900,top-to-bottom-center,493,0.1429,0.2124,0.1828,0.9971,0.36,1,0,0
R1,900,top-to-bottom-center,493,0.2714,0.2143,0.2005,0.9971,0.36,1,0,0
R1,900,top-to-bottom-center,493,0.2429,0.2038,0.209,0.9971,0.36,1,0,0
R1,900,top-to-bottom-center,493,0.1,0.1971,0.1872,0.9971,0.36,1,0,0
R1,900,top-to-bottom-center,493,0.1571,0.1914,0.1812,0.9971,0.36,1,0,1
R1,900,top-to-bottom-center,512,0.4286,0.201,0.2306,0.9971,0.36,1,0,0
R1,900,top-to-bottom-center,512,0.2429,0.2048,0.2331,0.9971,0.36,1,0,0
R1,900,top-to-bottom-center,512,0.5429,0.2343,0.295,0.9971,0.36,1,0,0
R1,900,top-to-bottom-center,512,0.2714,0.241,0.2903,0.9971,0.36,1,0,1
R1,900,top-to-bottom-center,512,0.1143,0.2276,0.2551,0.9971,0.36,1,0,0
R1,900,top-to-bottom-center,512,0.3143,0.2305,0.2669,0.9971,0.36,1,0,0
R1,900,top-to-bottom-center,512,0.5286,0.2571,0.3193,0.9971,0.36,1,0,1
R1,900,top-to-bottom-center,512,0.2286,0.259,0.3011,0.9971,0.36,1,0,0
R1,900,top-to-bottom-center,512,0.2,0.26,0.2809,0.9971,0.36,1,0,0
R1,900,top-to-bottom-center,557,0.4286,0.281,0.3104,0.9971,0.36,1,0,0
R1,900,top-to-bottom-center,557,0.2,0.2848,0.2884,0.9971,0.36,1,0,0
R1,900,top-to-bottom-center,557,0.7,0.3133,0.3707,0.9971,0.36,1,1,0
R1,900,top-to-bottom-center,557,0.2286,0.3124,0.3423,0.9971,0.36,1,0,0
R1,900,top-to-bottom-center,557,0.2286,0.321,0.3195,0.9971,0.36,1,0,0
R1,900,top-to-bottom-center,557,0.4,0.3371,0.3356,0.9971,0.36,1,0,0
R1,900,top-to-bottom-center,557,0.5,0.3419,0.3685,0.9971,0.36,1,0,0
R1,900,top-to-bottom-center,557,0.4143,0.3533,0.3777,0.9971,0.36,1,0,0
R1,900,top-to-bottom-center,557,0.6714,0.3619,0.4364,0.9971,0.36,1,1,0
R1,900,top-to-bottom-center,564,0.1286,0.3524,0.3748,0.9971,0.36,1,0,0
R1,900,top-to-bottom-center,564,0.1857,0.3571,0.337,0.9971,0.36,1,0,0
R1,900,top-to-bottom-center,564,0.6429,0.379,0.3982,0.9971,0.36,1,1,0
R1,900,top-to-bottom-center,564,0.1571,0.3543,0.35,0.9971,0.36,1,0,0
R1,900,top-to-bottom-center,564,0.3571,0.3629,0.3514,0.9971,0.36,1,0,0
R1,900,top-to-bottom-center,564,0.4429,0.379,0.3697,0.9971,0.36,1,0,0
R1,900,top-to-bottom-center,564,0.5286,0.3857,0.4015,0.9971,0.36,1,0,0
R1,900,top-to-bottom-center,564,0.5143,0.4067,0.424,0.9971,0.36,1,0,0
R1,900,top-to-bottom-center,564,0.3286,0.3819,0.4049,0.9971,0.36,1,0,0
R1,900,top-to-bottom-center,565,0.5143,0.401,0.4268,0.9971,0.36,1,0,0
R1,900,top-to-bottom-center,565,0.6143,0.4267,0.4643,0.9971,0.36,1,0,0
R1,900,top-to-bottom-center,565,0.6857,0.4457,0.5086,0.9971,0.36,1,0,1
R1,900,top-to-bottom-center,565,0.3714,0.4371,0.4812,0.9971,0.36,1,0,0
R1,900,top-to-bottom-center,565,0.7714,0.461,0.5392,0.9971,0.36,1,1,0
R1,900,top-to-bottom-center,565,0.5429,0.4524,0.5399,0.9971,0.36,1,0,0
R1,900,top-to-bottom-center,565,0.3,0.4638,0.492,0.9971,0.36,1,0,0
R1,900,top-to-bottom-center,565,0.7571,0.5019,0.545,0.9971,0.36,1,0,0
R1,900,top-to-bottom-center,565,0.3,0.479,0.496,0.9971,0.36,1,0,0
R1,900,top-to-bottom-center,593,0.4286,0.4971,0.4825,0.9971,0.36,1,0,0
R1,900,top-to-bottom-center,593,0.5571,0.5105,0.4974,0.9971,0.36,1,0,0
R1,900,top-to-bottom-center,593,0.8,0.5343,0.5579,0.9971,0.36,1,0,0
R1,900,top-to-bottom-center,593,0.6571,0.5429,0.5778,0.9971,0.36,1,1,0
R1,900,top-to-bottom-center,593,0.4857,0.541,0.5594,0.9971,0.36,1,0,0
R1,900,top-to-bottom-center,593,0.6143,0.56,0.5704,0.9971,0.36,1,0,1
R1,900,top-to-bottom-center,593,0.7714,0.5771,0.6106,0.9971,0.36,1,0,0
R1,900,top-to-bottom-center,593,0.2429,0.5524,0.537,0.9971,0.36,1,0,0
R1,900,top-to-bottom-center,593,0.3857,0.5324,0.5068,0.9971,0.36,1,0,0
R1,900,top-to-bottom-center,604,0.6857,0.5533,0.5426,0.9971,0.36,1,0,0
R1,900,top-to-bottom-center,604,0.6286,0.5438,0.5598,0.9971,0.36,1,0,0
R1,900,top-to-bottom-center,604,0.7,0.5543,0.5878,0.9971,0.36,1,0,1
R1,900,top-to-bottom-center,604,0.3143,0.5552,0.5331,0.9971,0.36,1,0,1
R1,900,top-to-bottom-center,604,0.2571,0.5219,0.4779,0.9971,0.36,1,0,0
R1,900,top-to-bottom-center,604,0.1571,0.5124,0.4138,0.9971,0.36,1,0,0
R1,900,top-to-bottom-center,611,0.4429,0.5133,0.4196,0.9971,0.36,1,0,1
R1,900,top-to-bottom-center,611,0.7714,0.5276,0.4899,0.9971,0.36,1,0,0
R1,900,top-to-bottom-center,611,0.7286,0.5229,0.5377,0.9971,0.36,1,0,0
R1,900,top-to-bottom-center,611,0.4429,0.5086,0.5187,0.9971,0.36,1,0,0
R1,900,top-to-bottom-center,611,0.5143,0.5105,0.5178,0.9971,0.36,1,0,0
R1,900,top-to-bottom-center,611,0.7714,0.521,0.5685,0.9971,0.36,1,0,1
R1,1000,top-to-bottom-center,8,0.2,0.2,0.3034,0.7393,0.3292,1,0,0
R1,1000,top-to-bottom-center,8,0.3143,0.2571,0.3055,0.7393,0.3292,1,0,0
R1,1000,top-to-bottom-center,8,0.2,0.2381,0.2844,0.7393,0.3292,1,0,0
R1,1000,top-to-bottom-center,8,0.1286,0.2107,0.2533,0.7393,0.3292,1,0,1
R1,1000,top-to-bottom-center,8,0.2,0.2086,0.2426,0.7393,0.3292,1,0,0
R1,1000,top-to-bottom-center,8,0.2571,0.2167,0.2455,0.7393,0.3292,1,0,1
R1,1000,top-to-bottom-center,8,0.5,0.2571,0.2964,0.7393,0.3292,1,0,0
R1,1000,top-to-bottom-center,67,0.2429,0.2554,0.2857,0.7393,0.3292,1,0,0
R1,1000,top-to-bottom-center,85,0.0143,0.2286,0.2314,0.7393,0.3292,0,0,1
R1,1000,top-to-bottom-center,96,0.0,0.2057,0.1851,0.7393,0.3292,0,0,1
R1,1000,top-to-bottom-center,99,0.0857,0.1948,0.1653,0.7393,0.3292,0,0,1
R1,1000,top-to-bottom-center,122,0.1714,0.1929,0.1665,0.7393,0.3292,1,0,1
R1,1000,top-to-bottom-center,122,0.2143,0.1945,0.176,0.7393,0.3292,1,0,1
R1,1000,top-to-bottom-center,134,0.2714,0.2,0.1951,0.7393,0.3292,1,0,1
R1,1000,top-to-bottom-center,134,0.2429,0.2029,0.2047,0.7393,0.3292,1,0,0
R1,1000,top-to-bottom-center,134,0.1857,0.2019,0.2009,0.7393,0.3292,1,0,0
R1,1000,top-to-bottom-center,134,0.0429,0.1838,0.1693,0.7393,0.3292,1,0,0
R1,1000,top-to-bottom-center,134,0.1857,0.1829,0.1726,0.7393,0.3292,1,0,0
R1,1000,top-to-bottom-center,134,0.2,0.1876,0.178,0.7393,0.3292,1,0,0
R1,1000,top-to-bottom-center,134,0.3857,0.2,0.2196,0.7393,0.3292,1,0,0
R1,1000,top-to-bottom-center,134,0.3429,0.2057,0.2442,0.7393,0.3292,1,0,1
R1,1000,top-to-bottom-center,134,0.1857,0.1848,0.2325,0.7393,0.3292,1,0,0
R1,1000,top-to-bottom-center,156,0.4,0.1952,0.266,0.7393,0.3292,1,0,0
R1,1000,top-to-bottom-center,156,0.3857,0.22,0.29,0.7393,0.3292,1,0,0
R1,1000,top-to-bottom-center,156,0.4857,0.2524,0.3291,0.7393,0.3292,1,0,1
R1,1000,top-to-bottom-center,156,0.1857,0.259,0.3004,0.7393,0.3292,1,0,0
R1,1000,top-to-bottom-center,156,0.3714,0.2724,0.3146,0.7393,0.3292,1,0,0
R1,1000,top-to-bottom-center,156,0.3429,0.281,0.3203,0.7393,0.3292,1,0,1
R1,1000,top-to-bottom-center,156,0.1714,0.2743,0.2905,0.7393,0.3292,1,0,0
R1,1000,top-to-bottom-center,156,0.3429,0.281,0.301,0.7393,0.3292,1,0,0
R1,1000,top-to-bottom-center,170,0.2714,0.2867,0.2951,0.7393,0.3292,1,0,0
R1,1000,top-to-bottom-center,170,0.2571,0.301,0.2875,0.7393,0.3292,1,0,0
R1,1000,top-to-bottom-center,170,0.3143,0.3095,0.2928,0.7393,0.3292,1,0,1
R1,1000,top-to-bottom-center,170,0.2857,0.3152,0.2914,0.7393,0.3292,1,0,0
R1,1000,top-to-bottom-center,170,0.5,0.3229,0.3331,0.7393,0.3292,1,0,0
R1,1000,top-to-bottom-center,170,0.2714,0.3181,0.3208,0.7393,0.3292,1,0,0
R1,1000,top-to-bottom-center,170,0.2714,0.3238,0.3109,0.7393,0.3292,1,0,0
R1,1000,top-to-bottom-center,170,0.4143,0.3248,0.3316,0.7393,0.3292,1,0,1
R1,1000,top-to-bottom-center,170,0.3571,0.3229,0.3367,0.7393,0.3292,1,0,0
R1,1000,top-to-bottom-center,173,0.5286,0.3257,0.3751,0.7393,0.3292,1,0,0
R1,1000,top-to-bottom-center,173,0.3,0.3333,0.3601,0.7393,0.3292,1,0,0
R1,1000,top-to-bottom-center,173,0.5286,0.3438,0.3938,0.7393,0.3292,1,0,0
R1,1000,top-to-bottom-center,173,0.4286,0.3495,0.4007,0.7393,0.3292,1,0,1
R1,1000,top-to-bottom-center,173,0.2857,0.3571,0.3777,0.7393,0.3292,1,0,0
R1,1000,top-to-bottom-center,173,0.3857,0.36,0.3793,0.7393,0.3292,1,0,0
R1,1000,top-to-bottom-center,173,0.3857,0.3676,0.3806,0.7393,0.3292,1,0,0
R1,1000,top-to-bottom-center,173,0.3286,0.3724,0.3702,0.7393,0.3292,1,0,0
R1,1000,top-to-bottom-center,173,0.2429,0.3676,0.3447,0.7393,0.3292,1,0,0
R1,1000,top-to-bottom-center,180,0.4286,0.3771,0.3615,0.7393,0.3292,1,0,0
R1,1000,top-to-bottom-center,180,0.3857,0.3695,0.3663,0.7393,0.3292,1,0,0
R1,1000,top-to-bottom-center,180,0.3,0.3714,0.3531,0.7393,0.3292,1,0,1
R1,1000,top-to-bottom-center,180,0.5,0.3867,0.3825,0.7393,0.3292,1,0,0
R1,1000,top-to-bottom-center,180,0.1857,0.3714,0.3431,0.7393,0.3292,1,0,0
R1,1000,top-to-bottom-center,180,0.3714,0.3724,0.3488,0.7393,0.3292,1,0,0
R1,1000,top-to-bottom-center,180,0.5571,0.3743,0.3904,0.7393,0.3292,1,0,0
R1,1000,top-to-bottom-center,180,0.5429,0.3905,0.4209,0.7393,0.3292,1,0,0
R1,1000,top-to-bottom-center,180,0.3286,0.3771,0.4025,0.7393,0.3292,1,0,0
R1,1000,top-to-bottom-center,209,0.5857,0.3876,0.4391,0.7393,0.3292,1,0,0
R1,1000,top-to-bottom-center,209,0.5,0.4019,0.4513,0.7393,0.3292,1,0,0
R1,1000,top-to-bottom-center,209,0.4571,0.4067,0.4525,0.7393,0.3292,1,0,0
R1,1000,top-to-bottom-center,209,0.5,0.4143,0.462,0.7393,0.3292,1,0,0
R1,1000,top-to-bottom-center,209,0.3571,0.4162,0.441,0.7393,0.3292,1,0,0
R1,1000,top-to-bottom-center,209,0.3571,0.4238,0.4242,0.7393,0.3292,1,0,0
R1,1000,top-to-bottom-center,209,0.3286,0.4171,0.4051,0.7393,0.3292,1,0,0
R1,1000,top-to-bottom-center,209,0.5,0.4248,0.4241,0.7393,0.3292,1,0,0
R1,1000,top-to-bottom-center,209,0.4143,0.4324,0.4221,0.7393,0.3292,1,0,0
R1,1000,top-to-bottom-center,222,0.4571,0.4295,0.4291,0.7393,0.3292,1,0,0
R1,1000,top-to-bottom-center,222,0.5714,0.4552,0.4576,0.7393,0.3292,1,0,0
R1,1000,top-to-bottom-center,222,0.4714,0.4619,0.4604,0.7393,0.3292,1,0,0
R1,1000,top-to-bottom-center,222,0.4571,0.4552,0.4597,0.7393,0.3292,1,0,0
R1,1000,top-to-bottom-center,222,0.4143,0.4467,0.4506,0.7393,0.3292,1,0,0
R1,1000,top-to-bottom-center,222,0.6,0.4648,0.4805,0.7393,0.3292,1,0,0
R1,1000,top-to-bottom-center,222,0.3857,0.4514,0.4615,0.7393,0.3292,1,0,0
R1,1000,top-to-bottom-center,222,0.5143,0.4524,0.4721,0.7393,0.3292,1,0,0
R1,1000,top-to-bottom-center,222,0.4429,0.4514,0.4662,0.7393,0.3292,1,0,0
R1,1000,top-to-bottom-center,225,0.6714,0.4629,0.5073,0.7393,0.3292,1,0,0
R1,1000,top-to-bottom-center,225,0.4571,0.4695,0.4973,0.7393,0.3292,1,0,0
R1,1000,top-to-bottom-center,225,0.7286,0.4943,0.5435,0.7393,0.3292,1,0,0
R1,1000,top-to-bottom-center,225,0.7,0.519,0.5748,0.7393,0.3292,1,0,1
R1,1000,top-to-bottom-center,225,0.6143,0.5267,0.5827,0.7393,0.3292,1,0,0
R1,1000,top-to-bottom-center,225,0.5286,0.5343,0.5719,0.7393,0.3292,1,0,0
R1,1000,top-to-bottom-center,225,0.5571,0.541,0.5689,0.7393,0.3292,1,0,0
R1,1000,top-to-bottom-center,225,0.6429,0.5457,0.5837,0.7393,0.3292,1,0,0
R1,1000,top-to-bottom-center,225,0.4714,0.5457,0.5613,0.7393,0.3292,1,0,0
R1,1000,top-to-bottom-center,245,0.4571,0.5457,0.5404,0.7393,0.3292,1,0,0
R1,1000,top-to-bottom-center,245,0.4143,0.5457,0.5152,0.7393,0.3292,1,0,0
R1,1000,top-to-bottom-center,245,0.5,0.539,0.5122,0.7393,0.3292,1,0,1
R1,1000,top-to-bottom-center,245,0.5571,0.5505,0.5212,0.7393,0.3292,1,0,0
R1,1000,top-to-bottom-center,245,0.5,0.5495,0.5169,0.7393,0.3292,1,0,0
R1,1000,top-to-bottom-center,245,0.3143,0.541,0.4764,0.7393,0.3292,1,0,0
R1,1000,top-to-bottom-center,245,0.3714,0.521,0.4554,0.7393,0.3292,1,0,0
R1,1000,top-to-bottom-center,245,0.3286,0.5124,0.43,0.7393,0.3292,1,0,0
R1,1000,top-to-bottom-center,256,0.5143,0.4981,0.4469,0.7393,0.3292,1,0,0
R1,1000,top-to-bottom-center,256,0.3429,0.4743,0.4261,0.7393,0.3292,1,0,0
R1,1000,top-to-bottom-center,256,0.4286,0.4619,0.4266,0.7393,0.3292,1,0,0
R1,1000,top-to-bottom-center,256,0.3571,0.4505,0.4127,0.7393,0.3292,1,0,0
R1,1000,top-to-bottom-center,256,0.2143,0.4276,0.373,0.7393,0.3292,1,0,0
R1,1000,top-to-bottom-center,260,0.7143,0.4324,0.4413,0.7393,0.3292,1,0,0
R1,1000,top-to-bottom-center,260,0.6571,0.4448,0.4844,0.7393,0.3292,1,0,0
R1,1000,top-to-bottom-center,260,0.4857,0.4467,0.4847,0.7393,0.3292,1,0,0
R1,1000,top-to-bottom-center,260,0.6429,0.4619,0.5163,0.7393,0.3292,1,0,0
R1,1000,top-to-bottom-center,260,0.6429,0.4714,0.5416,0.7393,0.3292,1,0,0
R1,1000,top-to-bottom-center,260,0.3857,0.46,0.5105,0.7393,0.3292,1,0,0
R1,1000,top-to-bottom-center,260,0.4143,0.4543,0.4912,0.7393,0.3292,1,0,1
R1,1000,top-to-bottom-center,260,0.3286,0.4552,0.4587,0.7393,0.3292,1,0,0
R1,1000,top-to-bottom-center,260,0.5857,0.4695,0.4841,0.7393,0.3292,1,0,0
R1,1000,top-to-bottom-center,287,0.4143,0.4752,0.4701,0.7393,0.3292,1,0,0
R1,1000,top-to-bottom-center,287,0.6429,0.4838,0.5047,0.7393,0.3292,1,0,0
R1,1000,top-to-bottom-center,287,0.6,0.501,0.5237,0.7393,0.3292,1,0,0
R1,1000,top-to-bottom-center,287,0.4714,0.5038,0.5133,0.7393,0.3292,1,0,0
R1,1000,top-to-bottom-center,287,0.4857,0.5124,0.5078,0.7393,0.3292,1,0,0
R1,1000,top-to-bottom-center,287,0.5143,0.5324,0.5091,0.7393,0.3292,1,0,0
R1,1000,top-to-bottom-center,287,0.5714,0.5229,0.5215,0.7393,0.3292,1,0,0
R1,1000,top-to-bottom-center,287,0.3571,0.5029,0.4887,0.7393,0.3292,1,0,0
R1,1000,top-to-bottom-center,287,0.5143,0.5048,0.4938,0.7393,0.3292,1,0,0
R1,1000,top-to-bottom-center,338,0.5714,0.5,0.5093,0.7393,0.3292,1,0,0
R1,1000,top-to-bottom-center,338,0.4571,0.4876,0.4989,0.7393,0.3292,1,0,0
R1,1000,top-to-bottom-center,338,0.2429,0.4781,0.4477,0.7393,0.3292,1,0,0
R1,1000,top-to-bottom-center,338,0.4,0.4771,0.4381,0.7393,0.3292,1,0,0
R1,1000,top-to-bottom-center,338,0.3714,0.48,0.4248,0.7393,0.3292,1,0,0
R1,1000,top-to-bottom-center,338,0.3,0.461,0.3998,0.7393,0.3292,1,0,0
R1,1000,top-to-bottom-center,338,0.6,0.4733,0.4399,0.7393,0.3292,1,0,0
R1,1000,top-to-bottom-center,338,0.5,0.4638,0.4519,0.7393,0.3292,1,0,0
R1,1000,top-to-bottom-center,338,0.4857,0.4562,0.4587,0.7393,0.3292,1,0,0
R1,1000,top-to-bottom-center,384,0.5286,0.46,0.4726,0.7393,0.3292,1,0,0
R1,1000,top-to-bottom-center,384,0.3429,0.4505,0.4467,0.7393,0.3292,1,0,0
R1,1000,top-to-bottom-center,384,0.8286,0.4714,0.5231,0.7393,0.3292,1,0,0
R1,1000,top-to-bottom-center,384,0.5286,0.4686,0.5242,0.7393,0.3292,1,0,0
R1,1000,top-to-bottom-center,384,0.7714,0.4962,0.5736,0.7393,0.3292,1,0,0
R1,1000,top-to-bottom-center,384,0.4286,0.4905,0.5446,0.7393,0.3292,1,0,1
R1,1000,top-to-bottom-center,384,0.4857,0.4848,0.5328,0.7393,0.3292,1,0,0
R1,1000,top-to-bottom-center,384,0.6286,0.4962,0.552,0.7393,0.3292,1,0,0
R1,1000,top-to-bottom-center,384,0.4857,0.5124,0.5387,0.7393,0.3292,1,0,0
R1,1000,top-to-bottom-center,395,0.7714,0.5371,0.5853,0.7393,0.3292,1,0,0
R1,1000,top-to-bottom-center,395,0.4,0.539,0.5482,0.7393,0.3292,1,0,1
R1,1000,top-to-bottom-center,395,0.5286,0.5543,0.5443,0.7393,0.3292,1,0,0
R1,1000,top-to-bottom-center,395,0.8429,0.5705,0.604,0.7393,0.3292,1,0,0
R1,1000,top-to-bottom-center,395,0.4857,0.5695,0.5803,0.7393,0.3292,1,0,0
R1,1000,top-to-bottom-center,395,0.3857,0.5629,0.5414,0.7393,0.3292,1,0,0
R1,1000,top-to-bottom-center,395,0.4143,0.5552,0.516,0.7393,0.3292,1,0,0
R1,1000,top-to-bottom-center,395,0.6143,0.5733,0.5356,0.7393,0.3292,1,0,0
R1,1000,top-to-bottom-center,395,0.4714,0.5495,0.5228,0.7393,0.3292,1,0,0
R1,1000,top-to-bottom-center,433,0.2429,0.5305,0.4668,0.7393,0.3292,1,0,0
R1,1000,top-to-bottom-center,434,0.7286,0.5276,0.5192,0.7393,0.3292,1,1,0
R1,1000,top-to-bottom-center,434,0.6429,0.5419,0.5439,0.7393,0.3292,1,0,0
R1,1000,top-to-bottom-center,434,0.9,0.5695,0.6151,0.7393,0.3292,1,0,0
R1,1000,top-to-bottom-center,434,0.2714,0.5457,0.5464,0.7393,0.3292,1,0,0
R1,1000,top-to-bottom-center,434,0.4571,0.5438,0.5285,0.7393,0.3292,1,0,0
R1,1000,top-to-bottom-center,434,0.7429,0.5419,0.5714,0.7393,0.3292,1,1,0
R1,1000,top-to-bottom-center,434,0.8286,0.5705,0.6228,0.7393,0.3292,1,0,0
R1,1000,top-to-bottom-center,434,0.4286,0.5638,0.584,0.7393,0.3292,1,0,0
R1,1000,top-to-bottom-center,434,0.3571,0.5314,0.5386,0.7393,0.3292,1,0,0
R1,1000,top-to-bottom-center,451,0.4714,0.5305,0.5252,0.7393,0.3292,1,0,1
R1,1000,top-to-bottom-center,451,0.4143,0.5324,0.503,0.7393,0.3292,1,0,1
R1,1000,top-to-bottom-center,458,0.4286,0.5333,0.4881,0.7393,0.3292,1,0,0
R1,1000,top-to-bottom-center,458,0.5286,0.5276,0.4962,0.7393,0.3292,1,0,1
R1,1000,top-to-bottom-center,458,0.4286,0.5248,0.4827,0.7393,0.3292,1,0,1
R1,1000,top-to-bottom-center,458,0.9286,0.5705,0.5719,0.7393,0.3292,1,0,0
R1,1000,top-to-bottom-center,458,0.7286,0.5705,0.6032,0.7393,0.3292,1,0,0
R1,1000,top-to-bottom-center,458,0.6857,0.5733,0.6197,0.7393,0.3292,1,0,0
R1,1000,top-to-bottom-center,458,0.6571,0.5571,0.6272,0.7393,0.3292,1,1,0
R1,1000,top-to-bottom-center,458,0.3286,0.561,0.5675,0.7393,0.3292,1,0,1
R1,1000,top-to-bottom-center,461,0.6,0.5705,0.574,0.7393,0.3292,1,0,0
R1,1000,top-to-bottom-center,461,0.6286,0.5629,0.5849,0.7393,0.3292,1,0,1
R1,1000,top-to-bottom-center,461,0.8714,0.5657,0.6422,0.7393,0.3292,1,0,0
R1,1000,top-to-bottom-center,461,0.7571,0.5876,0.6652,0.7393,0.3292,1,0,0
R1,1000,top-to-bottom-center,461,0.9857,0.6295,0.7293,0.7393,0.3292,1,0,0
R1,1000,top-to-bottom-center,461,0.7143,0.6457,0.7263,0.7393,0.3292,1,1,0
R1,1000,top-to-bottom-center,461,0.4143,0.6457,0.6639,0.7393,0.3292,1,0,0
R1,1000,top-to-bottom-center,461,0.5571,0.6543,0.6425,0.7393,0.3292,1,0,0
R1,1000,top-to-bottom-center,461,0.3857,0.6448,0.5912,0.7393,0.3292,1,0,1
R1,1000,top-to-bottom-center,487,0.3429,0.639,0.5415,0.7393,0.3292,1,0,0
R1,1000,top-to-bottom-center,487,0.7429,0.6267,0.5818,0.7393,0.3292,1,0,1
R1,1000,top-to-bottom-center,487,0.5,0.6114,0.5654,0.7393,0.3292,1,0,0
R1,1000,top-to-bottom-center,487,0.8,0.619,0.6123,0.7393,0.3292,1,1,0
R1,1000,top-to-bottom-center,487,0.6857,0.621,0.627,0.7393,0.3292,1,1,1
R1,1000,top-to-bottom-center,487,0.8714,0.6571,0.6759,0.7393,0.3292,1,1,0
R1,1000,top-to-bottom-center,487,0.8857,0.6762,0.7179,0.7393,0.3292,1,0,0
R1,1000,top-to-bottom-center,487,0.4714,0.6657,0.6686,0.7393,0.3292,1,1,0
R1,1000,top-to-bottom-center,487,0.3714,0.6324,0.6091,0.7393,0.3292,1,1,0
R1,1000,top-to-bottom-center,549,0.6,0.6219,0.6073,0.7393,0.3292,1,1,1
R1,1000,top-to-bottom-center,550,0.3714,0.581,0.5601,0.7393,0.3292,1,0,0
R1,1000,top-to-bottom-center,550,0.8571,0.5905,0.6195,0.7393,0.3292,1,0,0
R1,1000,top-to-bottom-center,550,0.7571,0.6133,0.6471,0.7393,0.3292,1,1,0
R1,1000,top-to-bottom-center,550,0.5,0.6095,0.6176,0.7393,0.3292,1,1,1
R1,1000,top-to-bottom-center,550,0.8286,0.639,0.6598,0.7393,0.3292,1,1,0
R1,1000,top-to-bottom-center,550,0.5,0.6495,0.6279,0.7393,0.3292,1,0,1
R1,1000,top-to-bottom-center,550,0.5429,0.6362,0.6109,0.7393,0.3292,1,0,0
R1,1000,top-to-bottom-center,550,0.7286,0.6514,0.6344,0.7393,0.3292,1,1,1
R1,1000,top-to-bottom-center,550,0.8,0.6514,0.6675,0.7393,0.3292,1,1,0
R1,1000,top-to-bottom-center,551,0.5,0.639,0.634,0.7393,0.3292,1,0,1
R1,1000,top-to-bottom-center,551,0.3571,0.6048,0.5786,0.7393,0.3292,1,0,0
R1,1000,top-to-bottom-center,551,0.8143,0.6,0.6258,0.7393,0.3292,1,1,0
R1,1000,top-to-bottom-center,551,0.5571,0.6057,0.612,0.7393,0.3292,1,0,0
R1,1000,top-to-bottom-center,551,0.8286,0.6362,0.6554,0.7393,0.3292,1,0,0
R1,1000,top-to-bottom-center,551,0.4714,0.6276,0.6186,0.7393,0.3292,1,1,1
R1,1000,top-to-bottom-center,551,0.8286,0.6581,0.6606,0.7393,0.3292,1,1,0
R1,1000,top-to-bottom-center,551,0.7286,0.6495,0.6742,0.7393,0.3292,1,1,1
R1,1000,top-to-bottom-center,551,0.7571,0.6495,0.6908,0.7393,0.3292,1,1,0
R1,1000,top-to-bottom-center,569,0.3,0.6362,0.6126,0.7393,0.3292,1,0,1
R1,1000,top-to-bottom-center,569,0.4,0.6076,0.5701,0.7393,0.3292,1,0,0
R1,1000,top-to-bottom-center,569,0.1857,0.5867,0.4932,0.7393,0.3292,1,0,0
R1,1000,top-to-bottom-center,569,0.4,0.5771,0.4746,0.7393,0.3292,1,0,0
R1,1000,top-to-bottom-center,570,0.4143,0.5562,0.4625,0.7393,0.3292,1,0,1
R1,1000,top-to-bottom-center,570,0.5857,0.5419,0.4872,0.7393,0.3292,1,1,0
R1,1000,top-to-bottom-center,570,0.3143,0.5295,0.4526,0.7393,0.3292,1,0,0
R1,1000,top-to-bottom-center,570,0.4,0.5324,0.4421,0.7393,0.3292,1,0,1
R1,1000,top-to-bottom-center,570,0.2714,0.4962,0.4079,0.7393,0.3292,1,0,0
R1,1000,top-to-bottom-center,570,0.5143,0.4933,0.4292,0.7393,0.3292,1,0,0
R1,1000,top-to-bottom-center,570,0.2143,0.4524,0.3862,0.7393,0.3292,1,0,0
R1,1000,top-to-bottom-center,570,0.3286,0.4429,0.3747,0.7393,0.3292,1,0,1
R1,1000,top-to-bottom-center,570,0.2286,0.4029,0.3455,0.7393,0.3292,1,0,0
R1,1000,top-to-bottom-center,585,0.4571,0.3848,0.3678,0.7393,0.3292,1,0,0
R1,1000,top-to-bottom-center,585,0.8,0.3876,0.4542,0.7393,0.3292,1,0,1
R1,1000,top-to-bottom-center,585,0.2857,0.3867,0.4205,0.7393,0.3292,1,0,0
R1,1000,top-to-bottom-center,585,0.4286,0.3886,0.4221,0.7393,0.3292,1,0,0
R1,1000,top-to-bottom-center,585,0.6429,0.419,0.4663,0.7393,0.3292,1,0,1
R1,1000,top-to-bottom-center,585,0.8857,0.4514,0.5502,0.7393,0.3292,1,0,0
R1,1000,top-to-bottom-center,585,0.3,0.4438,0.5001,0.7393,0.3292,1,0,0
R1,1000,top-to-bottom-center,585,0.6143,0.4457,0.523,0.7393,0.3292,1,0,0
R1,1000,top-to-bottom-center,585,0.9,0.4848,0.5984,0.7393,0.3292,1,0,0
R1,1000,top-to-bottom-center,594,0.4714,0.4895,0.573,0.7393,0.3292,1,0,0
R1,1000,top-to-bottom-center,594,0.6286,0.5133,0.5841,0.7393,0.3292,1,0,1
R1,1000,top-to-bottom-center,594,0.6143,0.52,0.5901,0.7393,0.3292,1,0,1
R1,1000,top-to-bottom-center,594,0.3,0.5257,0.5321,0.7393,0.3292,1,0,0
R1,1000,top-to-bottom-center,595,0.4571,0.5343,0.5171,0.7393,0.3292,1,0,0
R1,1000,top-to-bottom-center,595,0.6857,0.5648,0.5508,0.7393,0.3292,1,0,1
R1,1000,top-to-bottom-center,595,0.4571,0.5648,0.5321,0.7393,0.3292,0,0,1
R1,1000,top-to-bottom-center,595,0.8,0.5648,0.5857,0.7393,0.3292,1,0,1
R1,1000,top-to-bottom-center,595,0.6429,0.5886,0.5971,0.7393,0.3292,1,0,1
R1,1100,top-to-bottom-center,0,0.0571,0.0571,0.2415,0.8806,0.2876,1,0,1
R1,1100,top-to-bottom-center,0,0.1,0.0786,0.2132,0.8806,0.2876,1,0,1
R1,1100,top-to-bottom-center,43,0.1571,0.1048,0.202,0.8806,0.2876,1,0,0
R1,1100,top-to-bottom-center,43,0.0714,0.0964,0.1759,0.8806,0.2876,1,0,0
R1,1100,top-to-bottom-center,43,0.1143,0.1,0.1636,0.8806,0.2876,1,0,1
R1,1100,top-to-bottom-center,43,0.1286,0.1048,0.1566,0.8806,0.2876,1,0,0
R1,1100,top-to-bottom-center,43,0.2714,0.1286,0.1795,0.8806,0.2876,1,0,0
R1,1100,top-to-bottom-center,43,0.1286,0.1286,0.1693,0.8806,0.2876,1,0,0
R1,1100,top-to-bottom-center,43,0.0143,0.1159,0.1383,0.8806,0.2876,1,0,0
R1,1100,top-to-bottom-center,43,0.0143,0.1057,0.1135,0.8806,0.2876,1,0,0
R1,1100,top-to-bottom-center,52,0.2,0.1143,0.1308,0.8806,0.2876,1,0,0
R1,1100,top-to-bottom-center,52,0.0714,0.1107,0.1189,0.8806,0.2876,1,0,0
R1,1100,top-to-bottom-center,52,0.2429,0.1209,0.1437,0.8806,0.2876,1,0,0
R1,1100,top-to-bottom-center,52,0.1286,0.1214,0.1407,0.8806,0.2876,1,0,0
R1,1100,top-to-bottom-center,52,0.1429,0.1229,0.1411,0.8806,0.2876,1,0,0
R1,1100,top-to-bottom-center,52,0.1,0.1257,0.1329,0.8806,0.2876,1,0,1
R1,1100,top-to-bottom-center,52,0.1143,0.1267,0.1292,0.8806,0.2876,1,0,1
R1,1100,top-to-bottom-center,68,0.0286,0.1181,0.1091,0.8806,0.2876,1,0,0
R1,1100,top-to-bottom-center,77,0.1571,0.1238,0.1187,0.8806,0.2876,1,0,0
R1,1100,top-to-bottom-center,77,0.0571,0.12,0.1064,0.8806,0.2876,1,0,0
R1,1100,top-to-bottom-center,77,0.0429,0.1143,0.0937,0.8806,0.2876,1,0,0
R1,1100,top-to-bottom-center,77,0.1429,0.1057,0.1035,0.8806,0.2876,1,0,0
R1,1100,top-to-bottom-center,77,0.0857,0.1029,0.0999,0.8806,0.2876,1,0,0
R1,1100,top-to-bottom-center,77,0.0571,0.1057,0.0914,0.8806,0.2876,1,0,0
R1,1100,top-to-bottom-center,77,0.2571,0.1219,0.1245,0.8806,0.2876,1,0,0
R1,1100,top-to-bottom-center,83,0.2143,0.1229,0.1425,0.8806,0.2876,1,0,0
R1,1100,top-to-bottom-center,83,0.1429,0.1276,0.1426,0.8806,0.2876,1,0,0
R1,1100,top-to-bottom-center,83,0.3714,0.1362,0.1883,0.8806,0.2876,1,0,1
R1,1100,top-to-bottom-center,83,0.1571,0.1381,0.1821,0.8806,0.2876,1,0,0
R1,1100,top-to-bottom-center,83,0.1857,0.141,0.1828,0.8806,0.2876,1,0,0
R1,1100,top-to-bottom-center,85,0.0714,0.139,0.1605,0.8806,0.2876,1,0,0
R1,1100,top-to-bottom-center,85,0.1,0.1381,0.1484,0.8806,0.2876,1,0,1
R1,1100,top-to-bottom-center,86,0.0429,0.139,0.1273,0.8806,0.2876,1,0,0
R1,1100,top-to-bottom-center,86,0.2143,0.1429,0.1447,0.8806,0.2876,1,0,0
R1,1100,top-to-bottom-center,86,0.2286,0.1543,0.1615,0.8806,0.2876,1,0,0
R1,1100,top-to-bottom-center,86,0.2143,0.1657,0.172,0.8806,0.2876,1,0,0
R1,1100,top-to-bottom-center,86,0.2143,0.1705,0.1805,0.8806,0.2876,1,0,0
R1,1100,top-to-bottom-center,86,0.4,0.1914,0.2244,0.8806,0.2876,1,0,1
R1,1100,top-to-bottom-center,97,0.2286,0.2029,0.2252,0.8806,0.2876,1,0,1
R1,1100,top-to-bottom-center,97,0.1714,0.1971,0.2145,0.8806,0.2876,1,0,1
R1,1100,top-to-bottom-center,97,0.0429,0.1857,0.1801,0.8806,0.2876,0,0,1
R1,1100,top-to-bottom-center,97,0.0429,0.179,0.1527,0.8806,0.2876,1,0,0
R1,1100,top-to-bottom-center,98,0.2,0.1676,0.1622,0.8806,0.2876,1,0,0
R1,1100,top-to-bottom-center,98,0.1571,0.1676,0.1611,0.8806,0.2876,1,0,0
R1,1100,top-to-bottom-center,98,0.3143,0.1762,0.1918,0.8806,0.2876,1,0,1
R1,1100,top-to-bottom-center,98,0.3429,0.1943,0.222,0.8806,0.2876,1,0,1
R1,1100,top-to-bottom-center,98,0.2857,0.2067,0.2347,0.8806,0.2876,1,0,0
R1,1100,top-to-bottom-center,98,0.0571,0.2076,0.1992,0.8806,0.2876,1,0,1
R1,1100,top-to-bottom-center,98,0.0714,0.1981,0.1737,0.8806,0.2876,1,0,0
R1,1100,top-to-bottom-center,109,0.8429,0.239,0.3075,0.8806,0.2876,1,0,1
R1,1100,top-to-bottom-center,109,0.5429,0.261,0.3546,0.8806,0.2876,1,0,0
R1,1100,top-to-bottom-center,109,0.7571,0.2971,0.4351,0.8806,0.2876,1,0,1
R1,1100,top-to-bottom-center,109,0.1714,0.2819,0.3824,0.8806,0.2876,1,0,1
R1,1100,top-to-bottom-center,109,0.4,0.2933,0.3859,0.8806,0.2876,1,0,0
R1,1100,top-to-bottom-center,109,0.2,0.2952,0.3487,0.8806,0.2876,1,0,0
R1,1100,top-to-bottom-center,109,0.4571,0.3229,0.3704,0.8806,0.2876,1,0,0
R1,1100,top-to-bottom-center,123,0.1429,0.3295,0.3249,0.8806,0.2876,0,0,0
R1,1100,top-to-bottom-center,123,0.0714,0.321,0.2742,0.8806,0.2876,1,0,0
R1,1100,top-to-bottom-center,123,0.2714,0.3286,0.2736,0.8806,0.2876,0,0,1
R1,1100,top-to-bottom-center,123,0.0857,0.3133,0.2361,0.8806,0.2876,0,0,1
R1,1100,top-to-bottom-center,124,0.4,0.3171,0.2688,0.8806,0.2876,1,0,1
R1,1100,top-to-bottom-center,124,0.1714,0.3095,0.2494,0.8806,0.2876,1,0,0
R1,1100,top-to-bottom-center,124,0.4286,0.3343,0.2852,0.8806,0.2876,0,0,1
R1,1100,top-to-bottom-center,124,0.3286,0.3514,0.2939,0.8806,0.2876,1,0,0
R1,1100,top-to-bottom-center,124,0.2857,0.3143,0.2922,0.8806,0.2876,1,0,0
R1,1100,top-to-bottom-center,124,0.3,0.2981,0.2938,0.8806,0.2876,1,0,0
R1,1100,top-to-bottom-center,128,0.2857,0.2667,0.2922,0.8806,0.2876,1,0,0
R1,1100,top-to-bottom-center,128,0.6429,0.2981,0.3623,0.8806,0.2876,1,0,1
R1,1100,top-to-bottom-center,128,0.5571,0.3086,0.4013,0.8806,0.2876,1,0,1
R1,1100,top-to-bottom-center,128,0.7857,0.3476,0.4782,0.8806,0.2876,1,0,0
R1,1100,top-to-bottom-center,128,0.4429,0.3467,0.4711,0.8806,0.2876,1,0,0
R1,1100,top-to-bottom-center,128,0.6143,0.3781,0.4997,0.8806,0.2876,1,0,0
R1,1100,top-to-bottom-center,128,0.1857,0.3857,0.4369,0.8806,0.2876,1,0,0
R1,1100,top-to-bottom-center,128,1.0,0.4343,0.5495,0.8806,0.2876,1,0,0
R1,1100,top-to-bottom-center,132,0.5,0.4619,0.5396,0.8806,0.2876,1,0,1
R1,1100,top-to-bottom-center,132,0.4571,0.4657,0.5231,0.8806,0.2876,1,0,0
R1,1100,top-to-bottom-center,132,0.9143,0.5152,0.6014,0.8806,0.2876,1,0,0
R1,1100,top-to-bottom-center,132,0.4429,0.5162,0.5697,0.8806,0.2876,1,0,0
R1,1100,top-to-bottom-center,132,0.1857,0.5067,0.4929,0.8806,0.2876,1,0,0
R1,1100,top-to-bottom-center,132,0.7429,0.5371,0.5429,0.8806,0.2876,1,0,0
R1,1100,top-to-bottom-center,132,0.5143,0.5514,0.5372,0.8806,0.2876,1,0,1
R1,1100,top-to-bottom-center,132,0.2714,0.5505,0.484,0.8806,0.2876,1,0,0
R1,1100,top-to-bottom-center,144,0.4714,0.539,0.4815,0.8806,0.2876,1,0,0
R1,1100,top-to-bottom-center,144,0.1143,0.5095,0.4081,0.8806,0.2876,1,0,0
R1,1100,top-to-bottom-center,144,0.2286,0.4724,0.3722,0.8806,0.2876,1,0,0
R1,1100,top-to-bottom-center,144,0.5571,0.48,0.4092,0.8806,0.2876,1,0,0
R1,1100,top-to-bottom-center,144,0.2714,0.4571,0.3816,0.8806,0.2876,1,0,0
R1,1100,top-to-bottom-center,144,0.2571,0.4619,0.3567,0.8806,0.2876,1,0,0
R1,1100,top-to-bottom-center,144,0.2429,0.4114,0.3339,0.8806,0.2876,0,0,1
R1,1100,top-to-bottom-center,144,0.2,0.3914,0.3072,0.8806,0.2876,1,0,0
R1,1100,top-to-bottom-center,144,0.3857,0.3867,0.3229,0.8806,0.2876,1,0,0
R1,1100,top-to-bottom-center,145,0.2429,0.3419,0.3069,0.8806,0.2876,1,0,0
R1,1100,top-to-bottom-center,145,0.5714,0.3505,0.3598,0.8806,0.2876,1,0,0
R1,1100,top-to-bottom-center,145,0.5429,0.3743,0.3964,0.8806,0.2876,1,0,0
R1,1100,top-to-bottom-center,145,0.4,0.3514,0.3971,0.8806,0.2876,1,0,0
R1,1100,top-to-bottom-center,145,0.2,0.3305,0.3577,0.8806,0.2876,1,0,0
R1,1100,top-to-bottom-center,145,0.3429,0.3352,0.3547,0.8806,0.2876,1,0,0
R1,1100,top-to-bottom-center,145,0.2857,0.3229,0.3409,0.8806,0.2876,1,0,0
R1,1100,top-to-bottom-center,145,0.3286,0.3371,0.3385,0.8806,0.2876,1,0,0
R1,1100,top-to-bottom-center,145,0.2857,0.341,0.3279,0.8806,0.2876,1,0,1
R1,1100,top-to-bottom-center,147,0.1429,0.3133,0.2909,0.8806,0.2876,1,0,0
R1,1100,top-to-bottom-center,147,0.3429,0.3181,0.3013,0.8806,0.2876,1,0,0
R1,1100,top-to-bottom-center,147,0.5429,0.3371,0.3496,0.8806,0.2876,1,0,0
R1,1100,top-to-bottom-center,147,0.3286,0.3429,0.3454,0.8806,0.2876,1,0,0
R1,1100,top-to-bottom-center,147,0.4286,0.3581,0.362,0.8806,0.2876,1,0,0
R1,1100,top-to-bottom-center,147,0.3,0.3524,0.3496,0.8806,0.2876,1,0,0
R1,1100,top-to-bottom-center,147,0.5857,0.3752,0.3968,0.8806,0.2876,1,0,0
R1,1100,top-to-bottom-center,147,0.2429,0.3533,0.366,0.8806,0.2876,1,0,0
R1,1100,top-to-bottom-center,147,0.2714,0.3352,0.3471,0.8806,0.2876,0,0,1
R1,1100,top-to-bottom-center,161,0.3429,0.3314,0.3463,0.8806,0.2876,1,0,0
R1,1100,top-to-bottom-center,161,0.5286,0.3533,0.3827,0.8806,0.2876,1,0,1
R1,1100,top-to-bottom-center,161,0.4,0.3571,0.3862,0.8806,0.2876,1,0,0
R1,1100,top-to-bottom-center,161,0.2286,0.3533,0.3547,0.8806,0.2876,1,0,0
R1,1100,top-to-bottom-center,161,0.1857,0.3438,0.3209,0.8806,0.2876,1,0,0
R1,1100,top-to-bottom-center,161,0.3143,0.3457,0.3196,0.8806,0.2876,1,0,0
R1,1100,top-to-bottom-center,161,0.3429,0.359,0.3242,0.8806,0.2876,1,0,0
R1,1100,top-to-bottom-center,161,0.4714,0.3676,0.3537,0.8806,0.2876,1,0,0
R1,1100,top-to-bottom-center,161,0.3429,0.3543,0.3515,0.8806,0.2876,1,0,0
R1,1100,top-to-bottom-center,167,0.3714,0.3571,0.3555,0.8806,0.2876,1,0,0
R1,1100,top-to-bottom-center,167,0.2714,0.3467,0.3387,0.8806,0.2876,1,0,0
R1,1100,top-to-bottom-center,167,0.1286,0.3352,0.2967,0.8806,0.2876,1,0,0
R1,1100,top-to-bottom-center,167,0.5286,0.3314,0.343,0.8806,0.2876,1,0,0
R1,1100,top-to-bottom-center,167,0.2571,0.3324,0.3259,0.8806,0.2876,1,0,0
R1,1100,top-to-bottom-center,167,0.3857,0.34,0.3378,0.8806,0.2876,1,0,0
R1,1100,top-to-bottom-center,167,0.1714,0.3286,0.3045,0.8806,0.2876,1,0,0
R1,1100,top-to-bottom-center,167,0.4143,0.321,0.3265,0.8806,0.2876,1,0,1
R1,1100,top-to-bottom-center,167,0.3286,0.3162,0.3269,0.8806,0.2876,1,0,0
R1,1100,top-to-bottom-center,175,0.3286,0.3229,0.3272,0.8806,0.2876,1,0,1
R1,1100,top-to-bottom-center,175,0.3286,0.3324,0.3275,0.8806,0.2876,1,0,1
R1,1100,top-to-bottom-center,175,0.3429,0.3343,0.3306,0.8806,0.2876,1,0,0
R1,1100,top-to-bottom-center,175,0.2143,0.3257,0.3073,0.8806,0.2876,1,0,0
R1,1100,top-to-bottom-center,175,0.3286,0.3162,0.3116,0.8806,0.2876,1,0,0
R1,1100,top-to-bottom-center,175,0.3429,0.3162,0.3178,0.8806,0.2876,1,0,0
R1,1100,top-to-bottom-center,177,0.3286,0.3133,0.32,0.8806,0.2876,1,0,1
R1,1100,top-to-bottom-center,177,0.3571,0.319,0.3274,0.8806,0.2876,1,0,0
R1,1100,top-to-bottom-center,177,0.3571,0.3343,0.3334,0.8806,0.2876,1,0,0
R1,1100,top-to-bottom-center,177,0.2429,0.3152,0.3153,0.8806,0.2876,1,0,0
R1,1100,top-to-bottom-center,177,0.3143,0.319,0.3151,0.8806,0.2876,1,0,1
R1,1100,top-to-bottom-center,177,0.3286,0.3152,0.3178,0.8806,0.2876,1,0,0
R1,1100,top-to-bottom-center,179,0.2857,0.3229,0.3114,0.8806,0.2876,0,0,1
R1,1100,top-to-bottom-center,179,0.2286,0.3105,0.2948,0.8806,0.2876,1,0,0
R1,1100,top-to-bottom-center,179,0.2286,0.3038,0.2816,0.8806,0.2876,1,0,0
R1,1100,top-to-bottom-center,179,0.2286,0.2971,0.271,0.8806,0.2876,1,0,0
R1,1100,top-to-bottom-center,179,0.1571,0.2857,0.2482,0.8806,0.2876,1,0,0
R1,1100,top-to-bottom-center,183,0.1143,0.2705,0.2214,0.8806,0.2876,1,0,1
R1,1100,top-to-bottom-center,183,0.0571,0.26,0.1886,0.8806,0.2876,1,0,0
R1,1100,top-to-bottom-center,183,0.0571,0.2419,0.1623,0.8806,0.2876,1,0,0
R1,1100,top-to-bottom-center,183,0.2,0.2324,0.1698,0.8806,0.2876,1,0,0
R1,1100,top-to-bottom-center,183,0.1714,0.2219,0.1701,0.8806,0.2876,1,0,0
R1,1100,top-to-bottom-center,183,0.1286,0.2067,0.1618,0.8806,0.2876,1,0,0
R1,1100,top-to-bottom-center,191,0.4857,0.2152,0.2266,0.8806,0.2876,1,0,0
R1,1100,top-to-bottom-center,191,0.4429,0.2286,0.2699,0.8806,0.2876,1,0,1
R1,1100,top-to-bottom-center,191,0.4,0.2343,0.2959,0.8806,0.2876,1,0,0
R1,1100,top-to-bottom-center,191,0.3714,0.2371,0.311,0.8806,0.2876,1,0,1
R1,1100,top-to-bottom-center,191,0.2429,0.2343,0.2974,0.8806,0.2876,1,0,0
R1,1100,top-to-bottom-center,191,0.3429,0.2419,0.3065,0.8806,0.2876,1,0,0
R1,1100,top-to-bottom-center,193,0.3714,0.2514,0.3195,0.8806,0.2876,1,0,1
R1,1100,top-to-bottom-center,193,0.3429,0.259,0.3241,0.8806,0.2876,1,0,0
R1,1100,top-to-bottom-center,193,0.4857,0.281,0.3565,0.8806,0.2876,1,0,0
R1,1100,top-to-bottom-center,193,0.5143,0.3076,0.388,0.8806,0.2876,1,0,0
R1,1100,top-to-bottom-center,193,0.4429,0.3333,0.399,0.8806,0.2876,1,0,1
R1,1100,top-to-bottom-center,193,0.3714,0.3543,0.3935,0.8806,0.2876,1,0,0
R1,1100,top-to-bottom-center,205,0.1857,0.3533,0.3519,0.8806,0.2876,1,0,1
R1,1100,top-to-bottom-center,205,0.3571,0.3657,0.353,0.8806,0.2876,1,0,0
R1,1100,top-to-bottom-center,205,0.4857,0.3895,0.3795,0.8806,0.2876,1,0,0
R1,1100,top-to-bottom-center,205,0.4714,0.3886,0.3979,0.8806,0.2876,1,0,0
R1,1100,top-to-bottom-center,205,0.5,0.3924,0.4183,0.8806,0.2876,1,0,1
R1,1100,top-to-bottom-center,205,0.5286,0.401,0.4404,0.8806,0.2876,1,0,0
R1,1100,top-to-bottom-center,205,0.0571,0.38,0.3637,0.8806,0.2876,1,0,0
R1,1100,top-to-bottom-center,205,0.5,0.3971,0.391,0.8806,0.2876,1,0,0
R1,1100,top-to-bottom-center,218,0.5429,0.4105,0.4214,0.8806,0.2876,1,0,0
R1,1100,top-to-bottom-center,218,0.6143,0.4267,0.4599,0.8806,0.2876,1,0,1
R1,1100,top-to-bottom-center,218,0.3,0.4238,0.428,0.8806,0.2876,1,0,0
R1,1100,top-to-bottom-center,218,0.3429,0.4143,0.4109,0.8806,0.2876,1,0,0
R1,1100,top-to-bottom-center,218,0.3429,0.4029,0.3973,0.8806,0.2876,1,0,0
R1,1100,top-to-bottom-center,218,0.4,0.4,0.3979,0.8806,0.2876,1,0,0
R1,1100,top-to-bottom-center,218,0.4571,0.4057,0.4097,0.8806,0.2876,1,0,0
R1,1100,top-to-bottom-center,218,0.5143,0.4276,0.4306,0.8806,0.2876,1,0,0
R1,1100,top-to-bottom-center,218,0.6714,0.4486,0.4788,0.8806,0.2876,1,0,0
R1,1100,top-to-bottom-center,220,0.2714,0.4343,0.4373,0.8806,0.2876,1,0,0
R1,1100,top-to-bottom-center,220,0.4714,0.4343,0.4441,0.8806,0.2876,1,0,1
R1,1100,top-to-bottom-center,220,0.3714,0.4257,0.4296,0.8806,0.2876,1,0,0
R1,1100,top-to-bottom-center,220,0.2143,0.4048,0.3865,0.8806,0.2876,1,0,0
R1,1100,top-to-bottom-center,220,0.5571,0.4381,0.4207,0.8806,0.2876,1,0,0
R1,1100,top-to-bottom-center,220,0.3714,0.4295,0.4108,0.8806,0.2876,1,0,0
R1,1100,top-to-bottom-center,220,0.2714,0.4114,0.3829,0.8806,0.2876,1,0,0
R1,1100,top-to-bottom-center,220,0.2571,0.3876,0.3578,0.8806,0.2876,1,0,0
R1,1100,top-to-bottom-center,220,0.2714,0.3857,0.3405,0.8806,0.2876,1,0,0
R1,1100,top-to-bottom-center,223,0.4286,0.3914,0.3581,0.8806,0.2876,1,0,0
R1,1100,top-to-bottom-center,223,0.5143,0.4029,0.3894,0.8806,0.2876,1,0,0
R1,1100,top-to-bottom-center,223,0.5143,0.4105,0.4143,0.8806,0.2876,1,0,0
R1,1100,top-to-bottom-center,223,0.7143,0.4276,0.4743,0.8806,0.2876,1,0,0
R1,1100,top-to-bottom-center,223,0.7143,0.441,0.5223,0.8806,0.2876,1,0,1
R1,1100,top-to-bottom-center,223,0.5143,0.4305,0.5207,0.8806,0.2876,1,0,0
R1,1100,top-to-bottom-center,223,0.5143,0.4467,0.5194,0.8806,0.2876,1,0,0
R1,1100,top-to-bottom-center,223,0.4143,0.4429,0.4984,0.8806,0.2876,1,0,0
R1,1100,top-to-bottom-center,223,0.3857,0.4438,0.4759,0.8806,0.2876,1,0,0
R1,1100,top-to-bottom-center,232,0.5,0.4629,0.4807,0.8806,0.2876,1,0,0
R1,1100,top-to-bottom-center,232,0.6571,0.4695,0.516,0.8806,0.2876,1,0,1
R1,1100,top-to-bottom-center,232,0.3714,0.4695,0.4871,0.8806,0.2876,1,0,0
R1,1100,top-to-bottom-center,232,0.3143,0.4724,0.4525,0.8806,0.2876,1,0,0
R1,1100,top-to-bottom-center,232,0.5571,0.4924,0.4734,0.8806,0.2876,1,0,0
R1,1100,top-to-bottom-center,232,0.5143,0.5086,0.4816,0.8806,0.2876,1,0,0
R1,1100,top-to-bottom-center,232,0.4,0.5067,0.4653,0.8806,0.2876,1,0,0
R1,1100,top-to-bottom-center,232,0.5143,0.5067,0.4751,0.8806,0.2876,1,0,1
R1,1100,top-to-bottom-center,232,0.3286,0.4943,0.4458,0.8806,0.2876,1,0,0
R1,1100,top-to-bottom-center,239,0.5286,0.4819,0.4623,0.8806,0.2876,1,0,0
R1,1100,top-to-bottom-center,239,0.5571,0.4714,0.4813,0.8806,0.2876,1,0,0
R1,1100,top-to-bottom-center,239,0.5286,0.4724,0.4908,0.8806,0.2876,1,0,0
R1,1100,top-to-bottom-center,239,0.4714,0.4695,0.4869,0.8806,0.2876,1,0,0
R1,1100,top-to-bottom-center,239,0.4429,0.4714,0.4781,0.8806,0.2876,1,0,0
R1,1100,top-to-bottom-center,239,0.5,0.479,0.4825,0.8806,0.2876,1,0,0
R1,1100,top-to-bottom-center,239,0.3857,0.4714,0.4631,0.8806,0.2876,1,0,1
R1,1100,top-to-bottom-center,239,0.6571,0.4714,0.5019,0.8806,0.2876,1,0,1
R1,1100,top-to-bottom-center,239,0.7143,0.4943,0.5444,0.8806,0.2876,1,0,1
R1,1100,top-to-bottom-center,245,0.5,0.5067,0.5355,0.8806,0.2876,1,0,0
R1,1100,top-to-bottom-center,245,0.3429,0.4924,0.497,0.8806,0.2876,1,0,1
R1,1100,top-to-bottom-center,245,0.3429,0.481,0.4662,0.8806,0.2876,1,0,0
R1,1100,top-to-bottom-center,245,0.2571,0.4714,0.4244,0.8806,0.2876,1,0,0
R1,1100,top-to-bottom-center,245,0.5571,0.4743,0.4509,0.8806,0.2876,1,0,0
R1,1100,top-to-bottom-center,245,0.4,0.479,0.4407,0.8806,0.2876,1,0,0
R1,1100,top-to-bottom-center,245,0.3143,0.4648,0.4154,0.8806,0.2876,1,0,0
R1,1100,top-to-bottom-center,245,0.3429,0.4505,0.4009,0.8806,0.2876,1,0,1
R1,1100,top-to-bottom-center,245,0.3857,0.441,0.3979,0.8806,0.2876,1,0,0
R1,1100,top-to-bottom-center,253,0.3429,0.4324,0.3869,0.8806,0.2876,1,0,0
R1,1100,top-to-bottom-center,253,0.2571,0.42,0.3609,0.8806,0.2876,1,0,0
R1,1100,top-to-bottom-center,253,0.3,0.4067,0.3487,0.8806,0.2876,1,0,1
R1,1100,top-to-bottom-center,253,0.2143,0.3952,0.3219,0.8806,0.2876,1,0,0
R1,1100,top-to-bottom-center,253,0.2571,0.3686,0.3089,0.8806,0.2876,1,0,0
R1,1100,top-to-bottom-center,253,0.1429,0.3305,0.2757,0.8806,0.2876,1,0,0
R1,1100,top-to-bottom-center,253,0.3143,0.3181,0.2834,0.8806,0.2876,1,0,0
R1,1100,top-to-bottom-center,254,0.5,0.3286,0.3267,0.8806,0.2876,1,0,0
R1,1100,top-to-bottom-center,254,0.3,0.3257,0.3214,0.8806,0.2876,1,0,0
R1,1100,top-to-bottom-center,254,0.5429,0.3448,0.3657,0.8806,0.2876,1,0,1
R1,1100,top-to-bottom-center,254,0.3571,0.3314,0.364,0.8806,0.2876,1,0,0
R1,1100,top-to-bottom-center,254,0.3143,0.3257,0.354,0.8806,0.2876,1,0,0
R1,1100,top-to-bottom-center,254,0.6714,0.3495,0.4175,0.8806,0.2876,1,0,0
R1,1100,top-to-bottom-center,254,0.4857,0.359,0.4312,0.8806,0.2876,1,0,0
R1,1100,top-to-bottom-center,254,0.4286,0.3619,0.4306,0.8806,0.2876,1,0,0
R1,1100,top-to-bottom-center,254,0.4143,0.3667,0.4274,0.8806,0.2876,1,0,0
R1,1100,top-to-bottom-center,262,0.2571,0.3667,0.3933,0.8806,0.2876,1,0,0
R1,1100,top-to-bottom-center,262,0.4143,0.3743,0.3975,0.8806,0.2876,1,0,1
R1,1100,top-to-bottom-center,262,0.3571,0.3838,0.3894,0.8806,0.2876,1,0,0
R1,1100,top-to-bottom-center,262,0.5143,0.401,0.4144,0.8806,0.2876,1,0,1
R1,1100,top-to-bottom-center,262,0.4143,0.419,0.4144,0.8806,0.2876,1,0,0
R1,1100,top-to-bottom-center,262,0.3143,0.419,0.3944,0.8806,0.2876,1,0,0
R1,1100,top-to-bottom-center,262,0.4571,0.4162,0.4069,0.8806,0.2876,1,0,0
R1,1100,top-to-bottom-center,262,0.4143,0.4238,0.4084,0.8806,0.2876,1,0,0
R1,1100,top-to-bottom-center,262,0.4714,0.419,0.421,0.8806,0.2876,1,0,0
R1,1100,top-to-bottom-center,264,0.6,0.4352,0.4568,0.8806,0.2876,1,0,0
R1,1100,top-to-bottom-center,264,0.4429,0.4438,0.454,0.8806,0.2876,1,0,0
R1,1100,top-to-bottom-center,264,0.3571,0.4229,0.4346,0.8806,0.2876,1,0,0
R1,1100,top-to-bottom-center,264,0.5714,0.4286,0.462,0.8806,0.2876,1,0,1
R1,1100,top-to-bottom-center,264,0.5571,0.4371,0.481,0.8806,0.2876,1,0,0
R1,1100,top-to-bottom-center,264,0.6571,0.4533,0.5162,0.8806,0.2876,1,0,1
R1,1100,top-to-bottom-center,264,0.4143,0.4638,0.4959,0.8806,0.2876,1,0,0
R1,1100,top-to-bottom-center,264,0.3,0.4562,0.4567,0.8806,0.2876,1,0,0
R1,1100,top-to-bottom-center,264,0.4857,0.4648,0.4625,0.8806,0.2876,1,0,0
R1,1100,top-to-bottom-center,277,0.5857,0.4695,0.4871,0.8806,0.2876,1,0,0
R1,1100,top-to-bottom-center,277,0.3143,0.4629,0.4526,0.8806,0.2876,1,0,0
R1,1100,top-to-bottom-center,277,0.4429,0.4714,0.4506,0.8806,0.2876,1,0,0
R1,1100,top-to-bottom-center,277,0.4714,0.4724,0.4548,0.8806,0.2876,1,0,0
R1,1100,top-to-bottom-center,277,0.4857,0.4771,0.461,0.8806,0.2876,1,0,1
R1,1100,top-to-bottom-center,277,0.4571,0.4762,0.4602,0.8806,0.2876,1,0,0
R1,1100,top-to-bottom-center,277,0.3571,0.46,0.4396,0.8806,0.2876,1,0,1
R1,1100,top-to-bottom-center,277,0.4857,0.4629,0.4488,0.8806,0.2876,1,0,0
R1,1100,top-to-bottom-center,277,0.4429,0.4686,0.4476,0.8806,0.2876,1,0,0
R1,1100,top-to-bottom-center,281,0.4143,0.4581,0.441,0.8806,0.2876,1,0,0
R1,1100,top-to-bottom-center,281,0.5571,0.4581,0.4642,0.8806,0.2876,1,0,0
R1,1100,top-to-bottom-center,281,0.3857,0.44,0.4485,0.8806,0.2876,1,0,0
R1,1100,top-to-bottom-center,281,0.3286,0.4343,0.4245,0.8806,0.2876,1,0,1
R1,1100,top-to-bottom-center,281,0.3,0.4343,0.3996,0.8806,0.2876,1,0,0
R1,1100,top-to-bottom-center,281,0.4571,0.4324,0.4111,0.8806,0.2876,1,0,0
R1,1100,top-to-bottom-center,281,0.4571,0.4238,0.4203,0.8806,0.2876,1,0,1
R1,1100,top-to-bottom-center,281,0.3429,0.4257,0.4048,0.8806,0.2876,1,0,0
R1,1100,top-to-bottom-center,281,0.4286,0.4248,0.4096,0.8806,0.2876,1,0,0
R1,1100,top-to-bottom-center,286,0.0714,0.3981,0.3419,0.8806,0.2876,1,0,0
R1,1100,top-to-bottom-center,286,0.1286,0.3743,0.2993,0.8806,0.2876,1,0,1
R1,1100,top-to-bottom-center,286,0.0571,0.3476,0.2508,0.8806,0.2876,1,0,0
R1,1100,top-to-bottom-center,286,0.1143,0.3314,0.2235,0.8806,0.2876,1,0,0
R1,1100,top-to-bottom-center,286,0.2,0.3124,0.2188,0.8806,0.2876,1,0,0
R1,1100,top-to-bottom-center,287,0.1286,0.2914,0.2008,0.8806,0.2876,1,0,0
R1,1100,top-to-bottom-center,287,0.2429,0.28,0.2092,0.8806,0.2876,1,0,0
R1,1100,top-to-bottom-center,287,0.3857,0.2686,0.2445,0.8806,0.2876,1,0,1
R1,1100,top-to-bottom-center,287,0.3429,0.2657,0.2642,0.8806,0.2876,1,0,0
R1,1100,top-to-bottom-center,287,0.2286,0.259,0.257,0.8806,0.2876,1,0,1
R1,1100,top-to-bottom-center,287,0.3714,0.2638,0.2799,0.8806,0.2876,1,0,0
R1,1100,top-to-bottom-center,287,0.4571,0.2638,0.3154,0.8806,0.2876,1,0,0
R1,1100,top-to-bottom-center,287,0.4429,0.2629,0.3409,0.8806,0.2876,1,0,0
R1,1100,top-to-bottom-center,287,0.2857,0.259,0.3298,0.8806,0.2876,1,0,0
R1,1100,top-to-bottom-center,297,0.4143,0.2581,0.3467,0.8806,0.2876,1,0,0
R1,1100,top-to-bottom-center,297,0.4,0.28,0.3574,0.8806,0.2876,1,0,0
R1,1100,top-to-bottom-center,297,0.2714,0.2895,0.3402,0.8806,0.2876,1,0,0
R1,1100,top-to-bottom-center,297,0.3714,0.3105,0.3464,0.8806,0.2876,1,0,0
R1,1100,top-to-bottom-center,297,0.2571,0.32,0.3286,0.8806,0.2876,1,0,1
R1,1100,top-to-bottom-center,297,0.3571,0.3305,0.3343,0.8806,0.2876,1,0,0
R1,1100,top-to-bottom-center,297,0.2429,0.3381,0.316,0.8806,0.2876,1,0,0
R1,1100,top-to-bottom-center,297,0.3714,0.3467,0.3271,0.8806,0.2876,1,0,0
R1,1100,top-to-bottom-center,297,0.4286,0.3495,0.3474,0.8806,0.2876,1,0,0
R1,1100,top-to-bottom-center,302,0.3857,0.3524,0.3551,0.8806,0.2876,1,0,0
R1,1100,top-to-bottom-center,302,0.4714,0.3686,0.3783,0.8806,0.2876,1,0,0
R1,1100,top-to-bottom-center,302,0.2714,0.3619,0.3569,0.8806,0.2876,1,0,0
R1,1100,top-to-bottom-center,302,0.2429,0.3476,0.3341,0.8806,0.2876,1,0,1
R1,1100,top-to-bottom-center,302,0.2,0.3314,0.3073,0.8806,0.2876,1,0,0
R1,1100,top-to-bottom-center,302,0.4143,0.34,0.3287,0.8806,0.2876,1,0,0
R1,1100,top-to-bottom-center,302,0.3286,0.3343,0.3287,0.8806,0.2876,1,0,0
R1,1100,top-to-bottom-center,302,0.3143,0.3286,0.3258,0.8806,0.2876,1,0,0
R1,1100,top-to-bottom-center,302,0.1857,0.3229,0.2978,0.8806,0.2876,1,0,0
R1,1100,top-to-bottom-center,308,0.2571,0.3152,0.2897,0.8806,0.2876,1,0,0
R1,1100,top-to-bottom-center,308,0.4,0.3248,0.3117,0.8806,0.2876,1,0,0
R1,1100,top-to-bottom-center,308,0.4143,0.3286,0.3322,0.8806,0.2876,1,0,0
R1,1100,top-to-bottom-center,308,0.2714,0.3305,0.3201,0.8806,0.2876,1,0,0
R1,1100,top-to-bottom-center,308,0.3,0.3257,0.3161,0.8806,0.2876,1,0,1
R1,1100,top-to-bottom-center,308,0.3571,0.321,0.3243,0.8806,0.2876,1,0,1
R1,1100,top-to-bottom-center,308,0.3714,0.32,0.3337,0.8806,0.2876,1,0,0
R1,1100,top-to-bottom-center,308,0.2571,0.3057,0.3184,0.8806,0.2876,1,0,0
R1,1100,top-to-bottom-center,308,0.3571,0.3114,0.3261,0.8806,0.2876,1,0,0
R1,1100,top-to-bottom-center,327,0.6286,0.3371,0.3866,0.8806,0.2876,1,0,0
R1,1100,top-to-bottom-center,327,0.4714,0.3552,0.4036,0.8806,0.2876,1,0,0
R1,1100,top-to-bottom-center,327,0.4,0.3543,0.4029,0.8806,0.2876,1,0,1
R1,1100,top-to-bottom-center,327,0.4,0.359,0.4023,0.8806,0.2876,1,0,0
R1,1100,top-to-bottom-center,327,0.4857,0.3705,0.419,0.8806,0.2876,1,0,0
R1,1100,top-to-bottom-center,327,0.3429,0.381,0.4038,0.8806,0.2876,1,0,0
R1,1100,top-to-bottom-center,327,0.3143,0.3848,0.3859,0.8806,0.2876,1,0,0
R1,1100,top-to-bottom-center,327,0.6143,0.399,0.4315,0.8806,0.2876,1,0,1
R1,1100,top-to-bottom-center,327,0.5,0.4048,0.4452,0.8806,0.2876,1,0,0
R1,1100,top-to-bottom-center,330,0.4429,0.4162,0.4448,0.8806,0.2876,1,0,0
R1,1100,top-to-bottom-center,330,0.4857,0.4286,0.453,0.8806,0.2876,1,0,0
R1,1100,top-to-bottom-center,330,0.5714,0.4429,0.4766,0.8806,0.2876,1,0,1
R1,1100,top-to-bottom-center,330,0.5143,0.4524,0.4842,0.8806,0.2876,1,0,0
R1,1100,top-to-bottom-center,330,0.3429,0.4581,0.4559,0.8806,0.2876,1,0,0
R1,1100,top-to-bottom-center,330,0.3286,0.4562,0.4304,0.8806,0.2876,1,0,0
R1,1100,top-to-bottom-center,330,0.6286,0.4562,0.4701,0.8806,0.2876,1,0,0
R1,1100,top-to-bottom-center,330,0.4,0.4514,0.4561,0.8806,0.2876,1,0,1
R1,1100,top-to-bottom-center,330,0.3143,0.4457,0.4277,0.8806,0.2876,1,0,0
R1,1100,top-to-bottom-center,342,0.3,0.439,0.4022,0.8806,0.2876,1,0,0
R1,1100,top-to-bottom-center,342,0.4,0.4333,0.4017,0.8806,0.2876,1,0,0
R1,1100,top-to-bottom-center,342,0.3857,0.4362,0.3985,0.8806,0.2876,1,0,0
R1,1100,top-to-bottom-center,342,0.4571,0.4457,0.4102,0.8806,0.2876,1,0,0
R1,1100,top-to-bottom-center,342,0.3714,0.4295,0.4025,0.8806,0.2876,1,0,1
R1,1100,top-to-bottom-center,342,0.4,0.4229,0.402,0.8806,0.2876,1,0,0
R1,1100,top-to-bottom-center,342,0.4429,0.4229,0.4102,0.8806,0.2876,1,0,0
R1,1100,top-to-bottom-center,342,0.3857,0.4162,0.4053,0.8806,0.2876,1,0,0
R1,1100,top-to-bottom-center,342,0.3286,0.4,0.3899,0.8806,0.2876,1,0,1
R1,1100,top-to-bottom-center,345,0.4714,0.3971,0.4062,0.8806,0.2876,1,0,0
R1,1100,top-to-bottom-center,345,0.3143,0.3952,0.3878,0.8806,0.2876,1,0,1
R1,1100,top-to-bottom-center,345,0.3857,0.399,0.3874,0.8806,0.2876,1,0,0
R1,1100,top-to-bottom-center,345,0.4,0.3838,0.3899,0.8806,0.2876,1,0,0
R1,1100,top-to-bottom-center,345,0.3143,0.3781,0.3748,0.8806,0.2876,1,0,1
R1,1100,top-to-bottom-center,345,0.4,0.3838,0.3798,0.8806,0.2876,1,0,0
R1,1100,top-to-bottom-center,345,0.3286,0.3857,0.3696,0.8806,0.2876,1,0,0
R1,1100,top-to-bottom-center,345,0.3857,0.3848,0.3728,0.8806,0.2876,1,0,0
R1,1100,top-to-bottom-center,345,0.4571,0.3895,0.3897,0.8806,0.2876,1,0,0
R1,1100,top-to-bottom-center,356,0.3571,0.3829,0.3832,0.8806,0.2876,1,0,0
R1,1100,top-to-bottom-center,356,0.5429,0.3943,0.4151,0.8806,0.2876,1,0,0
R1,1100,top-to-bottom-center,356,0.7143,0.4152,0.4749,0.8806,0.2876,1,0,0
R1,1100,top-to-bottom-center,356,0.6,0.4257,0.5,0.8806,0.2876,1,0,1
R1,1100,top-to-bottom-center,356,0.2714,0.4181,0.4543,0.8806,0.2876,1,0,1
R1,1100,top-to-bottom-center,356,0.3143,0.4171,0.4263,0.8806,0.2876,1,0,0
R1,1100,top-to-bottom-center,356,0.6857,0.4314,0.4781,0.8806,0.2876,1,0,0
R1,1100,top-to-bottom-center,356,0.4286,0.439,0.4682,0.8806,0.2876,1,0,0
R1,1100,top-to-bottom-center,356,0.6143,0.4543,0.4974,0.8806,0.2876,1,1,0
R1,1100,top-to-bottom-center,361,0.3857,0.4533,0.4751,0.8806,0.2876,1,0,0
R1,1100,top-to-bottom-center,361,0.3286,0.4543,0.4458,0.8806,0.2876,1,0,0
R1,1100,top-to-bottom-center,361,0.2429,0.4438,0.4052,0.8806,0.2876,1,0,1
R1,1100,top-to-bottom-center,361,0.6857,0.4676,0.4613,0.8806,0.2876,1,0,0
R1,1100,top-to-bottom-center,361,0.7,0.4886,0.509,0.8806,0.2876,1,0,0
R1,1100,top-to-bottom-center,361,0.6286,0.5,0.533,0.8806,0.2876,1,1,0
R1,1100,top-to-bottom-center,361,0.5429,0.5124,0.5349,0.8806,0.2876,1,0,0
R1,1100,top-to-bottom-center,361,0.5429,0.5124,0.5365,0.8806,0.2876,1,0,1
R1,1100,top-to-bottom-center,361,0.3143,0.4857,0.4921,0.8806,0.2876,1,0,0
R1,1100,top-to-bottom-center,370,0.5571,0.4829,0.5051,0.8806,0.2876,1,1,0
R1,1100,top-to-bottom-center,370,0.2857,0.4838,0.4612,0.8806,0.2876,1,0,0
R1,1100,top-to-bottom-center,370,0.5857,0.5019,0.4861,0.8806,0.2876,1,0,0
R1,1100,top-to-bottom-center,370,0.6,0.4962,0.5089,0.8806,0.2876,1,0,1
R1,1100,top-to-bottom-center,370,0.3571,0.4914,0.4785,0.8806,0.2876,1,0,0
R1,1100,top-to-bottom-center,370,0.2429,0.4667,0.4314,0.8806,0.2876,1,0,0
R1,1100,top-to-bottom-center,370,0.3857,0.4667,0.4223,0.8806,0.2876,1,0,1
R1,1100,top-to-bottom-center,370,0.6143,0.4857,0.4607,0.8806,0.2876,1,1,0
R1,1100,top-to-bottom-center,370,0.4286,0.4981,0.4543,0.8806,0.2876,1,0,0
R1,1100,top-to-bottom-center,372,0.5857,0.4914,0.4805,0.8806,0.2876,1,0,0
R1,1100,top-to-bottom-center,372,0.4143,0.4724,0.4673,0.8806,0.2876,1,0,0
R1,1100,top-to-bottom-center,372,0.2857,0.4495,0.431,0.8806,0.2876,1,0,0
R1,1100,top-to-bottom-center,372,0.6,0.4533,0.4648,0.8806,0.2876,1,1,0
R1,1100,top-to-bottom-center,372,0.3143,0.4381,0.4347,0.8806,0.2876,1,0,0
R1,1100,top-to-bottom-center,372,0.6286,0.459,0.4735,0.8806,0.2876,1,1,0
R1,1100,top-to-bottom-center,372,0.5857,0.461,0.4959,0.8806,0.2876,1,0,1
R1,1100,top-to-bottom-center,372,0.4714,0.4733,0.491,0.8806,0.2876,1,0,0
R1,1100,top-to-bottom-center,372,0.4143,0.4619,0.4757,0.8806,0.2876,1,0,1
R1,1100,top-to-bottom-center,384,0.4143,0.4495,0.4634,0.8806,0.2876,1,0,1
R1,1100,top-to-bottom-center,384,0.3429,0.4486,0.4393,0.8806,0.2876,1,0,0
R1,1100,top-to-bottom-center,384,0.4714,0.4638,0.4457,0.8806,0.2876,1,0,0
R1,1100,top-to-bottom-center,384,0.3714,0.4629,0.4309,0.8806,0.2876,1,0,0
R1,1100,top-to-bottom-center,384,0.2571,0.439,0.3961,0.8806,0.2876,1,0,0
R1,1100,top-to-bottom-center,384,0.4,0.4371,0.3969,0.8806,0.2876,1,0,1
R1,1100,top-to-bottom-center,384,0.2429,0.4143,0.3661,0.8806,0.2876,1,0,0
R1,1100,top-to-bottom-center,386,0.5429,0.4229,0.4014,0.8806,0.2876,1,0,0
R1,1100,top-to-bottom-center,386,0.2714,0.4219,0.3754,0.8806,0.2876,1,0,0
R1,1100,top-to-bottom-center,386,0.4286,0.4105,0.3861,0.8806,0.2876,1,0,1
R1,1100,top-to-bottom-center,386,0.2429,0.4057,0.3574,0.8806,0.2876,1,0,0
R1,1100,top-to-bottom-center,386,0.4143,0.3914,0.3688,0.8806,0.2876,1,0,1
R1,1100,top-to-bottom-center,386,0.1143,0.36,0.3179,0.8806,0.2876,1,0,0
R1,1100,top-to-bottom-center,386,0.3857,0.3543,0.3315,0.8806,0.2876,1,0,0
R1,1100,top-to-bottom-center,386,0.4,0.3533,0.3452,0.8806,0.2876,1,0,0
R1,1100,top-to-bottom-center-1,45,0.1857,0.1857,0.3792,0.8914,0.4275,1,0,0
R1,1100,top-to-bottom-center-1,45,0.1714,0.1786,0.3376,0.8914,0.4275,1,0,0
R1,1100,top-to-bottom-center-1,56,0.3143,0.2238,0.3329,0.8914,0.4275,0,0,1
R1,1100,top-to-bottom-center-1,56,0.4714,0.2857,0.3606,0.8914,0.4275,1,1,1
R1,1100,top-to-bottom-center-1,56,0.1,0.2486,0.3085,0.8914,0.4275,0,0,1
R1,1100,top-to-bottom-center-1,56,0.5143,0.2929,0.3497,0.8914,0.4275,1,1,0
R1,1100,top-to-bottom-center-1,96,0.4714,0.3184,0.374,0.8914,0.4275,1,0,0
R1,1100,top-to-bottom-center-1,96,0.3286,0.3196,0.3649,0.8914,0.4275,1,0,1
R1,1100,top-to-bottom-center-1,96,0.3143,0.319,0.3548,0.8914,0.4275,1,0,0
R1,1100,top-to-bottom-center-1,96,0.4,0.3271,0.3638,0.8914,0.4275,1,0,1
R1,1100,top-to-bottom-center-1,96,0.3286,0.3273,0.3568,0.8914,0.4275,1,0,0
R1,1100,top-to-bottom-center-1,96,0.4,0.3333,0.3654,0.8914,0.4275,1,0,0
R1,1100,top-to-bottom-center-1,96,0.1429,0.3187,0.3209,0.8914,0.4275,1,0,0
R1,1100,top-to-bottom-center-1,96,0.2143,0.3112,0.2996,0.8914,0.4275,1,0,0
R1,1100,top-to-bottom-center-1,96,0.3429,0.3133,0.3082,0.8914,0.4275,1,0,0
R1,1100,top-to-bottom-center-1,120,0.4,0.3276,0.3266,0.8914,0.4275,1,0,0
R1,1100,top-to-bottom-center-1,120,0.2714,0.3343,0.3156,0.8914,0.4275,1,0,1
R1,1100,top-to-bottom-center-1,120,0.3429,0.3362,0.321,0.8914,0.4275,1,0,0
R1,1100,top-to-bottom-center-1,149,0.2143,0.319,0.2997,0.8914,0.4275,1,0,0
R1,1100,top-to-bottom-center-1,161,0.3857,0.3381,0.3169,0.8914,0.4275,1,0,0
R1,1100,top-to-bottom-center-1,161,0.6714,0.3486,0.3878,0.8914,0.4275,1,0,1
R1,1100,top-to-bottom-center-1,161,0.4571,0.3476,0.4017,0.8914,0.4275,1,0,1
R1,1100,top-to-bottom-center-1,161,0.6143,0.3667,0.4442,0.8914,0.4275,1,0,0
R1,1100,top-to-bottom-center-1,161,0.5429,0.3819,0.4639,0.8914,0.4275,1,0,1
R1,1100,top-to-bottom-center-1,161,0.5143,0.3895,0.474,0.8914,0.4275,1,0,0
R1,1100,top-to-bottom-center-1,161,0.5143,0.4019,0.4821,0.8914,0.4275,1,0,1
R1,1100,top-to-bottom-center-1,161,0.6,0.4152,0.5056,0.8914,0.4275,1,0,0
R1,1100,top-to-bottom-center-1,161,0.4429,0.4352,0.4931,0.8914,0.4275,1,0,0
R1,1100,top-to-bottom-center-1,169,0.3286,0.4429,0.4602,0.8914,0.4275,1,0,0
R1,1100,top-to-bottom-center-1,169,0.4143,0.4476,0.451,0.8914,0.4275,1,0,0
R1,1100,top-to-bottom-center-1,169,0.3,0.441,0.4208,0.8914,0.4275,1,0,0
R1,1100,top-to-bottom-center-1,169,0.4714,0.4543,0.4309,0.8914,0.4275,1,0,1
R1,1100,top-to-bottom-center-1,169,0.4,0.4581,0.4247,0.8914,0.4275,1,0,0
R1,1100,top-to-bottom-center-1,169,0.4,0.4705,0.4198,0.8914,0.4275,1,0,0
R1,1100,top-to-bottom-center-1,169,0.3286,0.4667,0.4015,0.8914,0.4275,1,0,0
R1,1100,top-to-bottom-center-1,169,0.4714,0.4533,0.4155,0.8914,0.4275,1,0,1
R1,1100,top-to-bottom-center-1,169,0.2857,0.4419,0.3896,0.8914,0.4275,1,0,0
R1,1100,top-to-bottom-center-1,174,0.3571,0.4248,0.3831,0.8914,0.4275,1,0,0
R1,1100,top-to-bottom-center-1,174,0.5286,0.4238,0.4122,0.8914,0.4275,1,0,1
R1,1100,top-to-bottom-center-1,174,0.5286,0.4248,0.4355,0.8914,0.4275,1,0,1
R1,1100,top-to-bottom-center-1,174,0.4857,0.4229,0.4455,0.8914,0.4275,1,0,0
R1,1100,top-to-bottom-center-1,174,0.5143,0.4171,0.4593,0.8914,0.4275,1,0,0
R1,1100,top-to-bottom-center-1,174,0.3714,0.4124,0.4417,0.8914,0.4275,1,0,0
R1,1100,top-to-bottom-center-1,174,0.3857,0.4162,0.4305,0.8914,0.4275,1,0,0
R1,1100,top-to-bottom-center-1,174,0.4857,0.421,0.4415,0.8914,0.4275,1,0,0
R1,1100,top-to-bottom-center-1,174,0.4143,0.4286,0.4361,0.8914,0.4275,1,0,0
R1,1100,top-to-bottom-center-1,190,0.3,0.4171,0.4089,0.8914,0.4275,1,0,0
R1,1100,top-to-bottom-center-1,190,0.3,0.4105,0.3871,0.8914,0.4275,1,0,0
R1,1100,top-to-bottom-center-1,190,0.2714,0.4019,0.364,0.8914,0.4275,1,0,0
R1,1100,top-to-bottom-center-1,190,0.1857,0.3924,0.3283,0.8914,0.4275,0,0,1
R1,1100,top-to-bottom-center-1,190,0.3571,0.3848,0.3341,0.8914,0.4275,1,0,0
R1,1100,top-to-bottom-center-1,205,0.5714,0.4038,0.3815,0.8914,0.4275,1,0,1
R1,1100,top-to-bottom-center-1,205,0.5714,0.4181,0.4195,0.8914,0.4275,1,0,1
R1,1100,top-to-bottom-center-1,205,0.8,0.4362,0.4956,0.8914,0.4275,1,1,0
R1,1100,top-to-bottom-center-1,205,0.4714,0.4324,0.4908,0.8914,0.4275,1,0,0
R1,1100,top-to-bottom-center-1,205,0.5286,0.4352,0.4983,0.8914,0.4275,1,0,0
R1,1100,top-to-bottom-center-1,205,0.4143,0.4286,0.4815,0.8914,0.4275,1,0,0
R1,1100,top-to-bottom-center-1,205,0.3571,0.4276,0.4567,0.8914,0.4275,1,0,0
R1,1100,top-to-bottom-center-1,205,0.8,0.4552,0.5253,0.8914,0.4275,1,0,0
R1,1100,top-to-bottom-center-1,205,0.6571,0.4667,0.5517,0.8914,0.4275,1,0,0
R1,1100,top-to-bottom-center-1,220,0.4286,0.4676,0.5271,0.8914,0.4275,1,0,0
R1,1100,top-to-bottom-center-1,220,0.4714,0.479,0.5159,0.8914,0.4275,1,0,0
R1,1100,top-to-bottom-center-1,220,0.7714,0.5105,0.567,0.8914,0.4275,1,0,0
R1,1100,top-to-bottom-center-1,220,0.3143,0.5133,0.5165,0.8914,0.4275,1,0,0
R1,1100,top-to-bottom-center-1,220,0.3571,0.5248,0.4846,0.8914,0.4275,1,0,0
R1,1100,top-to-bottom-center-1,220,0.4857,0.5333,0.4848,0.8914,0.4275,1,0,0
R1,1100,top-to-bottom-center-1,220,0.4,0.5219,0.4679,0.8914,0.4275,1,0,0
R1,1100,top-to-bottom-center-1,220,0.2571,0.501,0.4257,0.8914,0.4275,1,0,0
R1,1100,top-to-bottom-center-1,225,0.4857,0.48,0.4377,0.8914,0.4275,1,0,0
R1,1100,top-to-bottom-center-1,225,0.6857,0.4943,0.4873,0.8914,0.4275,1,0,0
R1,1100,top-to-bottom-center-1,225,0.3429,0.4819,0.4584,0.8914,0.4275,1,0,0
R1,1100,top-to-bottom-center-1,225,0.6,0.4943,0.4867,0.8914,0.4275,1,0,0
R1,1100,top-to-bottom-center-1,225,0.5571,0.5076,0.5008,0.8914,0.4275,1,0,0
R1,1100,top-to-bottom-center-1,225,0.3714,0.479,0.4749,0.8914,0.4275,1,0,0
R1,1100,top-to-bottom-center-1,225,0.6857,0.481,0.5171,0.8914,0.4275,1,0,1
R1,1100,top-to-bottom-center-1,225,0.5429,0.4886,0.5222,0.8914,0.4275,1,0,0
R1,1100,top-to-bottom-center-1,225,0.8429,0.5133,0.5864,0.8914,0.4275,1,0,0
R1,1100,top-to-bottom-center-1,235,0.3286,0.4838,0.5348,0.8914,0.4275,1,0,1
R1,1100,top-to-bottom-center-1,235,0.2,0.4762,0.4678,0.8914,0.4275,1,0,0
R1,1100,top-to-bottom-center-1,235,0.5429,0.4886,0.4829,0.8914,0.4275,1,0,0
R1,1100,top-to-bottom-center-1,235,0.2286,0.4714,0.432,0.8914,0.4275,1,0,0
R1,1100,top-to-bottom-center-1,235,0.4,0.4714,0.4256,0.8914,0.4275,1,0,0
R1,1100,top-to-bottom-center-1,235,0.4286,0.4829,0.4262,0.8914,0.4275,1,0,0
R1,1100,top-to-bottom-center-1,235,0.3,0.4705,0.401,0.8914,0.4275,1,0,0
R1,1100,top-to-bottom-center-1,235,0.3143,0.4457,0.3836,0.8914,0.4275,1,0,0
R1,1100,top-to-bottom-center-1,235,0.4429,0.4524,0.3955,0.8914,0.4275,1,0,1
R1,1100,top-to-bottom-center-1,241,0.4571,0.4429,0.4078,0.8914,0.4275,1,0,0
R1,1100,top-to-bottom-center-1,241,0.3714,0.4305,0.4005,0.8914,0.4275,1,0,0
R1,1100,top-to-bottom-center-1,241,0.2143,0.42,0.3633,0.8914,0.4275,1,0,0
R1,1100,top-to-bottom-center-1,241,0.3714,0.399,0.3649,0.8914,0.4275,1,0,0
R1,1100,top-to-bottom-center-1,241,0.4571,0.3933,0.3834,0.8914,0.4275,1,0,0
R1,1100,top-to-bottom-center-1,241,0.2143,0.3514,0.3495,0.8914,0.4275,1,0,0
R1,1100,top-to-bottom-center-1,241,0.3286,0.3514,0.3453,0.8914,0.4275,1,0,1
R1,1100,top-to-bottom-center-1,241,0.3429,0.361,0.3448,0.8914,0.4275,1,0,0
R1,1100,top-to-bottom-center-1,241,0.3571,0.3486,0.3473,0.8914,0.4275,1,0,1
R1,1100,top-to-bottom-center-1,250,0.4571,0.3638,0.3693,0.8914,0.4275,1,0,0
R1,1100,top-to-bottom-center-1,250,0.4571,0.3676,0.3868,0.8914,0.4275,1,0,0
R1,1100,top-to-bottom-center-1,250,0.4,0.3657,0.3895,0.8914,0.4275,1,0,1
R1,1100,top-to-bottom-center-1,250,0.3714,0.3705,0.3859,0.8914,0.4275,1,0,0
R1,1100,top-to-bottom-center-1,250,0.5714,0.3876,0.423,0.8914,0.4275,1,0,0
R1,1100,top-to-bottom-center-1,250,0.5,0.3914,0.4384,0.8914,0.4275,1,0,0
R1,1100,top-to-bottom-center-1,250,0.5571,0.3981,0.4621,0.8914,0.4275,1,0,0
R1,1100,top-to-bottom-center-1,250,0.5143,0.4076,0.4726,0.8914,0.4275,1,0,0
R1,1100,top-to-bottom-center-1,250,0.5429,0.4295,0.4866,0.8914,0.4275,1,0,0
R1,1100,top-to-bottom-center-1,262,0.3,0.4248,0.4493,0.8914,0.4275,1,0,0
R1,1100,top-to-bottom-center-1,262,0.2286,0.4095,0.4052,0.8914,0.4275,1,0,0
R1,1100,top-to-bottom-center-1,262,0.3714,0.42,0.3984,0.8914,0.4275,0,0,1
R1,1100,top-to-bottom-center-1,262,0.3,0.4181,0.3787,0.8914,0.4275,1,0,0
R1,1100,top-to-bottom-center-1,262,0.4,0.4219,0.383,0.8914,0.4275,1,0,0
R1,1100,top-to-bottom-center-1,262,0.3286,0.42,0.3721,0.8914,0.4275,1,0,0
R1,1100,top-to-bottom-center-1,267,0.4143,0.4171,0.3805,0.8914,0.4275,1,0,0
R1,1100,top-to-bottom-center-1,267,0.3429,0.4095,0.373,0.8914,0.4275,1,0,0
R1,1100,top-to-bottom-center-1,267,0.4143,0.4105,0.3813,0.8914,0.4275,1,0,0
R1,1100,top-to-bottom-center-1,267,0.1857,0.3981,0.3421,0.8914,0.4275,1,0,0
R1,1100,top-to-bottom-center-1,267,0.4286,0.3886,0.3594,0.8914,0.4275,1,0,0
R1,1100,top-to-bottom-center-1,267,0.2286,0.3705,0.3333,0.8914,0.4275,1,0,1
R1,1100,top-to-bottom-center-1,267,0.4429,0.3629,0.3552,0.8914,0.4275,1,0,1
R1,1100,top-to-bottom-center-1,267,0.5,0.3619,0.3841,0.8914,0.4275,1,0,0
R1,1100,top-to-bottom-center-1,280,0.6,0.3657,0.4273,0.8914,0.4275,1,0,0
R1,1100,top-to-bottom-center-1,280,0.4143,0.3733,0.4247,0.8914,0.4275,1,0,0
R1,1100,top-to-bottom-center-1,280,0.4286,0.3867,0.4255,0.8914,0.4275,1,0,0
R1,1100,top-to-bottom-center-1,280,0.4143,0.3895,0.4232,0.8914,0.4275,1,0,0
R1,1100,top-to-bottom-center-1,280,0.3429,0.3924,0.4072,0.8914,0.4275,1,0,1
R1,1100,top-to-bottom-center-1,280,0.4857,0.3981,0.4229,0.8914,0.4275,1,0,0
R1,1100,top-to-bottom-center-1,280,0.1857,0.3886,0.3754,0.8914,0.4275,1,0,0
R1,1100,top-to-bottom-center-1,280,0.4857,0.3933,0.3975,0.8914,0.4275,1,0,0
R1,1100,top-to-bottom-center-1,284,0.4429,0.4,0.4066,0.8914,0.4275,1,0,0
R1,1100,top-to-bottom-center-1,284,0.4857,0.4048,0.4224,0.8914,0.4275,1,0,0
R1,1100,top-to-bottom-center-1,284,0.3571,0.4162,0.4093,0.8914,0.4275,1,0,1
R1,1100,top-to-bottom-center-1,284,0.4857,0.42,0.4246,0.8914,0.4275,1,0,0
R1,1100,top-to-bottom-center-1,284,0.3714,0.4295,0.414,0.8914,0.4275,1,0,0
R1,1100,top-to-bottom-center-1,284,0.5571,0.4371,0.4426,0.8914,0.4275,1,0,0
R1,1100,top-to-bottom-center-1,284,0.4286,0.4324,0.4398,0.8914,0.4275,1,0,0
R1,1100,top-to-bottom-center-1,284,0.1714,0.4038,0.3861,0.8914,0.4275,1,0,1
R1,1100,top-to-bottom-center-1,289,0.5857,0.4152,0.426,0.8914,0.4275,1,0,0
R1,1100,top-to-bottom-center-1,289,0.2857,0.4057,0.398,0.8914,0.4275,1,0,0
R1,1100,top-to-bottom-center-1,289,0.5,0.4114,0.4184,0.8914,0.4275,1,0,0
R1,1100,top-to-bottom-center-1,289,0.6429,0.4314,0.4633,0.8914,0.4275,1,0,0
R1,1100,top-to-bottom-center-1,289,0.3571,0.4229,0.4421,0.8914,0.4275,1,0,1
R1,1100,top-to-bottom-center-1,289,0.2,0.4238,0.3936,0.8914,0.4275,1,0,0
R1,1100,top-to-bottom-center-1,289,0.5857,0.4305,0.4321,0.8914,0.4275,1,0,0
R1,1100,top-to-bottom-center-1,289,0.3571,0.4248,0.4171,0.8914,0.4275,1,0,0
R1,1100,top-to-bottom-center-1,315,0.4714,0.4238,0.4279,0.8914,0.4275,1,0,0
R1,1100,top-to-bottom-center-1,329,0.7143,0.4476,0.4852,0.8914,0.4275,1,0,0
R1,1100,top-to-bottom-center-1,329,0.8143,0.4695,0.551,0.8914,0.4275,1,0,0
R1,1100,top-to-bottom-center-1,329,0.5429,0.481,0.5494,0.8914,0.4275,1,0,0
R1,1100,top-to-bottom-center-1,329,0.6429,0.4867,0.5681,0.8914,0.4275,1,0,0
R1,1100,top-to-bottom-center-1,329,0.6143,0.499,0.5773,0.8914,0.4275,1,0,0
R1,1100,top-to-bottom-center-1,329,0.6714,0.5324,0.5961,0.8914,0.4275,1,0,0
R1,1100,top-to-bottom-center-1,329,0.4429,0.5229,0.5655,0.8914,0.4275,1,0,0
R1,1100,top-to-bottom-center-1,329,0.6714,0.5486,0.5867,0.8914,0.4275,1,0,0
R1,1100,top-to-bottom-center-1,329,0.6714,0.56,0.6036,0.8914,0.4275,1,0,0
R1,1100,top-to-bottom-center-1,338,0.9,0.5771,0.6629,0.8914,0.4275,1,0,0
R1,1100,top-to-bottom-center-1,338,0.4143,0.581,0.6132,0.8914,0.4275,1,0,0
R1,1100,top-to-bottom-center-1,338,0.7143,0.6152,0.6334,0.8914,0.4275,1,0,0
R1,1100,top-to-bottom-center-1,338,0.5143,0.6105,0.6096,0.8914,0.4275,1,0,0
R1,1100,top-to-bottom-center-1,338,0.6857,0.6324,0.6248,0.8914,0.4275,1,0,0
R1,1100,top-to-bottom-center-1,338,0.7,0.6476,0.6398,0.8914,0.4275,1,0,1
R1,1100,top-to-bottom-center-1,338,0.5714,0.6381,0.6262,0.8914,0.4275,1,0,1
R1,1100,top-to-bottom-center-1,338,0.7429,0.6333,0.6495,0.8914,0.4275,1,0,0
R1,1100,top-to-bottom-center-1,338,0.7143,0.6448,0.6625,0.8914,0.4275,1,0,0
R1,1100,top-to-bottom-center-1,342,0.5571,0.639,0.6414,0.8914,0.4275,1,0,1
R1,1100,top-to-bottom-center-1,342,0.5143,0.6324,0.616,0.8914,0.4275,1,0,0
R1,1100,top-to-bottom-center-1,342,0.7143,0.6352,0.6356,0.8914,0.4275,1,0,0
R1,1100,top-to-bottom-center-1,342,0.6857,0.6514,0.6457,0.8914,0.4275,1,0,0
R1,1100,top-to-bottom-center-1,342,0.9,0.6667,0.6965,0.8914,0.4275,1,0,0
R1,1100,top-to-bottom-center-1,342,0.7,0.6686,0.6972,0.8914,0.4275,1,0,1
R1,1100,top-to-bottom-center-1,342,0.4143,0.6362,0.6406,0.8914,0.4275,1,0,0
R1,1100,top-to-bottom-center-1,342,0.7143,0.6562,0.6554,0.8914,0.4275,1,0,0
R1,1100,top-to-bottom-center-1,342,0.7429,0.6581,0.6729,0.8914,0.4275,1,0,0
R1,1100,top-to-bottom-center-1,372,0.8714,0.6819,0.7126,0.8914,0.4275,1,0,0
R1,1100,top-to-bottom-center-1,372,0.4286,0.6648,0.6558,0.8914,0.4275,1,0,0
R1,1100,top-to-bottom-center-1,372,0.7714,0.6695,0.6789,0.8914,0.4275,1,1,0
R1,1100,top-to-bottom-center-1,372,0.4714,0.6629,0.6374,0.8914,0.4275,1,0,1
R1,1100,top-to-bottom-center-1,372,0.8857,0.6724,0.6871,0.8914,0.4275,1,1,0
R1,1100,top-to-bottom-center-1,372,0.6714,0.6695,0.6839,0.8914,0.4275,1,0,0
R1,1100,top-to-bottom-center-1,372,0.6143,0.6733,0.67,0.8914,0.4275,1,1,0
R1,1100,top-to-bottom-center-1,372,0.8143,0.6933,0.6989,0.8914,0.4275,1,1,0
R1,1100,top-to-bottom-center-1,372,0.9714,0.7105,0.7534,0.8914,0.4275,1,0,0
R1,1100,top-to-bottom-center-1,387,0.7286,0.7133,0.7484,0.8914,0.4275,1,1,0
R1,1100,top-to-bottom-center-1,387,0.7429,0.7029,0.7473,0.8914,0.4275,1,0,0
R1,1100,top-to-bottom-center-1,387,0.7571,0.7067,0.7493,0.8914,0.4275,1,1,0
R1,1100,top-to-bottom-center-1,387,0.9143,0.74,0.7823,0.8914,0.4275,1,1,0
R1,1100,top-to-bottom-center-1,387,0.7286,0.741,0.7715,0.8914,0.4275,1,1,0
R1,1100,top-to-bottom-center-1,387,0.4857,0.7238,0.7144,0.8914,0.4275,1,0,0
R1,1100,top-to-bottom-center-1,397,0.5143,0.7,0.6744,0.8914,0.4275,1,1,0
R1,1100,top-to-bottom-center-1,397,0.4571,0.7019,0.6309,0.8914,0.4275,1,0,0
R1,1100,top-to-bottom-center-1,397,0.5,0.6838,0.6047,0.8914,0.4275,1,0,0
R1,1100,top-to-bottom-center-1,397,0.7571,0.7029,0.6352,0.8914,0.4275,1,1,1
R1,1100,top-to-bottom-center-1,397,0.3286,0.6657,0.5739,0.8914,0.4275,1,0,0
R1,1100,top-to-bottom-center-1,397,0.7857,0.6733,0.6162,0.8914,0.4275,1,1,0
R1,1100,top-to-bottom-center-1,397,0.4857,0.6648,0.5901,0.8914,0.4275,1,1,0
R1,1100,top-to-bottom-center-1,402,0.9429,0.6733,0.6607,0.8914,0.4275,1,1,0
R1,1100,top-to-bottom-center-1,402,0.8429,0.6648,0.6971,0.8914,0.4275,1,1,1
R1,1100,top-to-bottom-center-1,402,0.8429,0.6724,0.7263,0.8914,0.4275,1,1,0
R1,1100,top-to-bottom-center-1,402,0.6714,0.6676,0.7153,0.8914,0.4275,1,0,0
R1,1100,top-to-bottom-center-1,402,0.7429,0.6667,0.7208,0.8914,0.4275,1,1,0
R1,1100,top-to-bottom-center-1,402,0.6,0.6457,0.6966,0.8914,0.4275,1,0,0
R1,1100,top-to-bottom-center-1,402,0.4714,0.6286,0.6516,0.8914,0.4275,1,0,0
R1,1100,top-to-bottom-center-1,402,0.4571,0.6267,0.6127,0.8914,0.4275,1,0,0
R1,1100,top-to-bottom-center-1,402,0.6,0.6324,0.6102,0.8914,0.4275,1,1,0
R1,1100,top-to-bottom-center-1,425,0.8571,0.659,0.6596,0.8914,0.4275,1,1,0
R1,1100,top-to-bottom-center-1,425,0.7143,0.6733,0.6705,0.8914,0.4275,1,1,0
R1,1100,top-to-bottom-center-1,425,0.5286,0.6581,0.6421,0.8914,0.4275,1,1,0
R1,1100,top-to-bottom-center-1,425,0.6429,0.679,0.6423,0.8914,0.4275,1,0,0
R1,1100,top-to-bottom-center-1,425,0.7714,0.6781,0.6681,0.8914,0.4275,1,1,0
R1,1100,top-to-bottom-center-1,425,0.4,0.6724,0.6145,0.8914,0.4275,1,1,0
R1,1100,top-to-bottom-center-1,425,0.5143,0.6438,0.5944,0.8914,0.4275,1,1,0
R1,1100,top-to-bottom-center-1,425,0.8286,0.6429,0.6413,0.8914,0.4275,1,1,1
R1,1100,top-to-bottom-center-1,425,0.8571,0.6438,0.6844,0.8914,0.4275,1,1,0
R1,1100,top-to-bottom-center-1,447,0.3429,0.6219,0.6161,0.8914,0.4275,1,1,0
R1,1100,top-to-bottom-center-1,447,0.3857,0.5981,0.57,0.8914,0.4275,1,0,0
R1,1100,top-to-bottom-center-1,447,0.5429,0.5943,0.5646,0.8914,0.4275,1,1,0
R1,1100,top-to-bottom-center-1,447,0.4286,0.5914,0.5374,0.8914,0.4275,1,0,0
R1,1100,top-to-bottom-center-1,447,0.6143,0.6019,0.5528,0.8914,0.4275,1,1,0
R1,1100,top-to-bottom-center-1,447,0.6,0.6019,0.5622,0.8914,0.4275,1,0,0
R1,1100,top-to-bottom-center-1,447,0.7571,0.5952,0.6012,0.8914,0.4275,1,0,0
R1,1100,top-to-bottom-center-1,447,0.6571,0.5914,0.6124,0.8914,0.4275,1,1,0
R1,1100,top-to-bottom-center-1,447,0.8,0.6095,0.6499,0.8914,0.4275,1,1,0
R1,1100,top-to-bottom-center-1,468,0.6857,0.6124,0.6571,0.8914,0.4275,1,1,0
R1,1100,top-to-bottom-center-1,468,0.4714,0.5924,0.6199,0.8914,0.4275,1,0,0
R1,1100,top-to-bottom-center-1,468,0.3286,0.5876,0.5617,0.8914,0.4275,1,0,0
R1,1100,top-to-bottom-center-1,468,0.6571,0.5971,0.5808,0.8914,0.4275,1,1,0
R1,1100,top-to-bottom-center-1,468,0.4571,0.5724,0.556,0.8914,0.4275,1,1,0
R1,1100,top-to-bottom-center-1,468,0.4286,0.5438,0.5305,0.8914,0.4275,1,1,0
R1,1100,top-to-bottom-center-1,468,0.8571,0.5781,0.5959,0.8914,0.4275,1,1,0
R1,1100,top-to-bottom-center-1,468,0.4714,0.5838,0.571,0.8914,0.4275,1,1,0
R1,1100,top-to-bottom-center-1,468,0.4714,0.579,0.5511,0.8914,0.4275,1,0,0
R1,1100,top-to-bottom-center-1,470,0.4,0.5771,0.5209,0.8914,0.4275,1,1,0
R1,1100,top-to-bottom-center-1,470,0.4571,0.5667,0.5081,0.8914,0.4275,1,1,0
R1,1100,top-to-bottom-center-1,470,0.7,0.5733,0.5465,0.8914,0.4275,1,1,0
R1,1100,top-to-bottom-center-1,470,0.5143,0.5571,0.54,0.8914,0.4275,1,0,0
R1,1100,top-to-bottom-center-1,470,0.4286,0.5419,0.5178,0.8914,0.4275,1,0,0
R1,1100,top-to-bottom-center-1,470,0.4429,0.5181,0.5028,0.8914,0.4275,1,0,0
R1,1100,top-to-bottom-center-1,470,0.8286,0.5276,0.5679,0.8914,0.4275,1,1,0
R1,1100,top-to-bottom-center-1,470,0.6286,0.5381,0.5801,0.8914,0.4275,1,1,0
R1,1100,top-to-bottom-center-1,481,0.6,0.5562,0.584,0.8914,0.4275,1,1,1
R1,1100,top-to-bottom-center-1,481,0.5,0.5457,0.5672,0.8914,0.4275,1,0,0
R1,1100,top-to-bottom-center-1,481,0.6143,0.5562,0.5766,0.8914,0.4275,1,1,0
R1,1100,top-to-bottom-center-1,481,0.7,0.5743,0.6013,0.8914,0.4275,1,1,0
R1,1100,top-to-bottom-center-1,481,0.3857,0.5429,0.5582,0.8914,0.4275,1,1,0
R1,1100,top-to-bottom-center-1,481,0.5714,0.5495,0.5608,0.8914,0.4275,1,1,0
R1,1100,top-to-bottom-center-1,481,0.5143,0.5524,0.5515,0.8914,0.4275,1,1,0
R1,1100,top-to-bottom-center-1,481,0.6143,0.5667,0.5641,0.8914,0.4275,1,1,0
R1,1100,top-to-bottom-center-1,481,0.5143,0.5705,0.5541,0.8914,0.4275,1,1,0
R1,1100,top-to-bottom-center-1,488,0.4857,0.5562,0.5404,0.8914,0.4275,1,0,0
R1,1100,top-to-bottom-center-1,488,0.5571,0.559,0.5438,0.8914,0.4275,1,1,0
R1,1100,top-to-bottom-center-1,488,0.5286,0.5657,0.5407,0.8914,0.4275,1,1,0
R1,1100,top-to-bottom-center-1,488,0.7571,0.5867,0.584,0.8914,0.4275,1,1,0
R1,1100,top-to-bottom-center-1,488,0.5,0.5648,0.5672,0.8914,0.4275,1,1,0
R1,1100,top-to-bottom-center-1,488,0.7429,0.5724,0.6023,0.8914,0.4275,1,1,0
R1,1100,top-to-bottom-center-1,488,0.6857,0.5781,0.619,0.8914,0.4275,1,1,0
R1,1100,top-to-bottom-center-1,493,0.7286,0.5933,0.6409,0.8914,0.4275,1,1,0
R1,1100,top-to-bottom-center-1,493,0.7143,0.6,0.6556,0.8914,0.4275,1,1,0
R1,1100,top-to-bottom-center-1,493,0.4143,0.581,0.6073,0.8914,0.4275,1,1,0
R1,1100,top-to-bottom-center-1,493,0.2571,0.5724,0.5373,0.8914,0.4275,1,0,0
R1,1100,top-to-bottom-center-1,493,0.6143,0.5752,0.5527,0.8914,0.4275,1,1,0
R1,1100,top-to-bottom-center-1,493,0.4571,0.5714,0.5336,0.8914,0.4275,1,0,0
R1,1100,top-to-bottom-center-1,493,0.4571,0.561,0.5183,0.8914,0.4275,1,1,0
R1,1100,top-to-bottom-center-1,493,0.5286,0.5619,0.5204,0.8914,0.4275,1,1,0
R1,1100,top-to-bottom-center-1,502,0.6286,0.5714,0.542,0.8914,0.4275,1,1,0
R1,1100,top-to-bottom-center-1,502,0.5,0.5676,0.5336,0.8914,0.4275,1,1,0
R1,1100,top-to-bottom-center-1,502,0.1857,0.5448,0.464,0.8914,0.4275,1,1,0
R1,1100,top-to-bottom-center-1,502,0.7857,0.5467,0.5284,0.8914,0.4275,1,1,0
R1,1100,top-to-bottom-center-1,502,0.5,0.5467,0.5227,0.8914,0.4275,1,1,1
R1,1100,top-to-bottom-center-1,502,0.5286,0.5324,0.5239,0.8914,0.4275,1,1,0
R1,1100,top-to-bottom-center-1,502,0.9429,0.5495,0.6077,0.8914,0.4275,1,1,0
R1,1100,top-to-bottom-center-1,502,0.6143,0.5419,0.609,0.8914,0.4275,1,1,0
R1,1100,top-to-bottom-center-1,521,0.5143,0.5286,0.59,0.8914,0.4275,1,1,1
R1,1100,top-to-bottom-center-1,521,0.9429,0.5638,0.6606,0.8914,0.4275,1,1,0
R1,1100,top-to-bottom-center-1,521,0.8,0.6,0.6885,0.8914,0.4275,1,1,0
R1,1100,top-to-bottom-center-1,521,0.6571,0.6029,0.6822,0.8914,0.4275,1,1,0
R1,1100,top-to-bottom-center-1,521,0.7429,0.6219,0.6943,0.8914,0.4275,1,1,0
R7,700,middle,1,0.4714,0.4714,0.3703,0.9354,0.3451,1,0,0
R7,700,middle,1,0.7,0.5857,0.4363,0.9354,0.3451,1,1,0
R7,700,middle,1,0.5429,0.5714,0.4576,0.9354,0.3451,1,1,0
R7,700,middle,1,0.3429,0.5143,0.4346,0.9354,0.3451,1,1,0
R7,700,middle,1,0.7286,0.5571,0.4934,0.9354,0.3451,1,1,1
R7,700,middle,1,0.3571,0.5238,0.4662,0.9354,0.3451,1,1,0
R7,700,middle,1,0.4143,0.5082,0.4558,0.9354,0.3451,1,1,0
R7,700,middle,1,0.9571,0.5643,0.5561,0.9354,0.3451,1,1,0
R7,700,middle,97,0.2,0.5238,0.4848,0.9354,0.3451,1,0,0
R7,700,middle,97,0.3286,0.5043,0.4536,0.9354,0.3451,1,1,0
R7,700,middle,97,0.4143,0.4961,0.4457,0.9354,0.3451,1,1,1
R7,700,middle,97,0.1286,0.4655,0.3823,0.9354,0.3451,1,0,0
R7,700,middle,97,0.2143,0.4462,0.3487,0.9354,0.3451,1,0,0
R7,700,middle,97,0.4714,0.448,0.3732,0.9354,0.3451,1,1,0
R7,700,middle,97,0.1714,0.4295,0.3329,0.9354,0.3451,1,0,0
R7,700,middle,97,0.3571,0.4219,0.3377,0.9354,0.3451,1,1,0
R7,700,middle,97,0.4857,0.4076,0.3673,0.9354,0.3451,1,0,0
R7,700,middle,100,0.2143,0.3857,0.3367,0.9354,0.3451,1,0,0
R7,700,middle,100,0.1857,0.3752,0.3065,0.9354,0.3451,1,0,0
R7,700,middle,100,0.3714,0.3514,0.3195,0.9354,0.3451,1,1,1
R7,700,middle,100,0.1857,0.34,0.2927,0.9354,0.3451,1,0,0
R7,700,middle,100,0.2,0.3257,0.2742,0.9354,0.3451,1,0,0
R7,700,middle,100,0.3857,0.2876,0.2965,0.9354,0.3451,1,1,0
R7,700,middle,120,0.1714,0.2857,0.2715,0.9354,0.3451,1,0,0
R7,700,middle,120,0.1714,0.2752,0.2515,0.9354,0.3451,1,0,0
R7,700,middle,120,0.1,0.2543,0.2212,0.9354,0.3451,1,0,0
R7,700,middle,120,0.3571,0.2695,0.2484,0.9354,0.3451,1,1,1
R7,700,middle,120,0.2857,0.2743,0.2558,0.9354,0.3451,1,0,0
R7,700,middle,122,0.7714,0.2943,0.359,0.9354,0.3451,1,0,0
R7,700,middle,122,0.4429,0.3124,0.3757,0.9354,0.3451,1,1,1
R7,700,middle,122,0.4429,0.3181,0.3892,0.9354,0.3451,1,0,0
R7,700,middle,122,0.4429,0.3152,0.3999,0.9354,0.3451,1,0,0
R7,700,middle,122,0.2143,0.3152,0.3628,0.9354,0.3451,1,0,0
R7,700,middle,122,0.1,0.3095,0.3102,0.9354,0.3451,1,0,0
R7,700,middle,122,0.4571,0.3152,0.3396,0.9354,0.3451,1,0,0
R7,700,middle,122,0.1143,0.3105,0.2945,0.9354,0.3451,1,0,0
R7,700,middle,208,0.1857,0.3095,0.2728,0.9354,0.3451,1,0,0
R7,700,middle,208,0.2143,0.2981,0.2611,0.9354,0.3451,1,0,0
R7,700,middle,208,0.1571,0.2971,0.2403,0.9354,0.3451,1,0,0
R7,700,middle,208,0.0429,0.2886,0.2008,0.9354,0.3451,1,0,1
R7,700,middle,212,0.0714,0.2867,0.1749,0.9354,0.3451,1,0,1
R7,700,middle,212,0.0429,0.2657,0.1485,0.9354,0.3451,1,0,0
R7,700,middle,212,0.0429,0.2495,0.1274,0.9354,0.3451,1,0,0
R7,700,middle,212,0.2143,0.2124,0.1448,0.9354,0.3451,1,0,0
R7,700,middle,212,0.1286,0.1914,0.1415,0.9354,0.3451,1,0,0
R7,700,middle,212,0.2143,0.1762,0.1561,0.9354,0.3451,1,0,0
R7,700,middle,212,0.1143,0.1543,0.1477,0.9354,0.3451,1,0,0
R7,700,middle,221,0.1857,0.1524,0.1553,0.9354,0.3451,1,0,0
R7,700,middle,221,0.1429,0.1552,0.1528,0.9354,0.3451,1,0,0
R7,700,middle,221,0.3714,0.1495,0.1965,0.9354,0.3451,1,0,0
R7,700,middle,221,0.8286,0.1971,0.323,0.9354,0.3451,1,0,0
R7,700,middle,221,0.0714,0.1895,0.2726,0.9354,0.3451,1,0,0
R7,700,middle,221,0.6429,0.2181,0.3467,0.9354,0.3451,1,0,0
R7,700,middle,221,0.5286,0.2429,0.3831,0.9354,0.3451,1,0,1
R7,700,middle,221,0.3429,0.2629,0.375,0.9354,0.3451,1,0,0
R7,700,middle,221,0.0857,0.2638,0.3172,0.9354,0.3451,1,0,0
R7,700,middle,238,0.0286,0.2629,0.2594,0.9354,0.3451,0,0,1
R7,700,middle,241,0.0429,0.2629,0.2161,0.9354,0.3451,0,0,1
R7,700,middle,251,0.0286,0.2505,0.1786,0.9354,0.3451,0,0,1
R7,700,middle,251,0.0714,0.2467,0.1572,0.9354,0.3451,0,0,1
R7,700,middle,253,0.0286,0.2343,0.1315,0.9354,0.3451,0,0,1
R7,700,middle,253,0.0714,0.2314,0.1195,0.9354,0.3451,0,0,1
R7,700,middle,260,0.4286,0.2476,0.1813,0.9354,0.3451,0,0,1
R7,700,middle,260,0.0857,0.2438,0.1622,0.9354,0.3451,0,0,1
R7,700,middle,343,0.0571,0.2229,0.1412,0.9354,0.3451,0,0,1
R7,700,middle,354,0.0714,0.1724,0.1272,0.9354,0.3451,0,0,1
R7,700,middle,489,0.5143,0.2019,0.2046,0.9354,0.3451,1,0,0
R7,700,middle,489,0.2286,0.1743,0.2094,0.9354,0.3451,1,0,0
R7,700,middle,489,0.1286,0.1476,0.1932,0.9354,0.3451,1,0,0
R7,700,middle,489,0.0286,0.1267,0.1603,0.9354,0.3451,1,0,0
R7,700,middle,500,0.3,0.141,0.1882,0.9354,0.3451,1,0,0
R7,700,middle,500,0.1714,0.1505,0.1849,0.9354,0.3451,1,0,0
R7,700,middle,500,0.3429,0.1705,0.2165,0.9354,0.3451,1,0,0
R7,700,middle,500,0.0571,0.1724,0.1846,0.9354,0.3451,1,0,0
R7,700,middle,500,0.1286,0.1762,0.1734,0.9354,0.3451,1,0,0
R7,700,middle,500,0.1286,0.1829,0.1644,0.9354,0.3451,1,0,0
R7,700,middle,500,0.0429,0.181,0.1401,0.9354,0.3451,1,0,0
R7,700,middle,503,0.1429,0.1619,0.1407,0.9354,0.3451,1,0,0
R7,700,middle,503,0.1857,0.1686,0.1497,0.9354,0.3451,1,0,1
R7,700,middle,503,0.3571,0.1886,0.1912,0.9354,0.3451,1,0,0
R7,700,middle,503,0.3429,0.2067,0.2215,0.9354,0.3451,1,0,0
R7,700,middle,503,0.1286,0.181,0.2029,0.9354,0.3451,1,0,0
R7,700,middle,503,0.3429,0.1886,0.2309,0.9354,0.3451,1,0,0
R7,700,middle,503,0.0857,0.1857,0.2019,0.9354,0.3451,1,0,0
R7,700,middle,512,1.0,0.2505,0.3615,0.9354,0.3451,1,0,0
R7,700,middle,512,0.3143,0.2514,0.3521,0.9354,0.3451,1,0,0
R7,700,middle,512,0.5,0.2733,0.3816,0.9354,0.3451,1,0,0
R7,700,middle,512,0.2714,0.2686,0.3596,0.9354,0.3451,1,0,0
R7,700,middle,512,0.7429,0.3143,0.4363,0.9354,0.3451,1,0,0
R7,700,middle,512,0.8857,0.3648,0.5261,0.9354,0.3451,1,0,0
R7,700,middle,512,0.3714,0.381,0.4952,0.9354,0.3451,1,0,1
R7,700,middle,512,0.3857,0.4038,0.4733,0.9354,0.3451,1,0,0
R7,700,middle,512,0.3286,0.4162,0.4444,0.9354,0.3451,1,0,0
R7,700,middle,520,0.7429,0.4533,0.5041,0.9354,0.3451,1,0,0
R7,700,middle,520,0.3286,0.4514,0.469,0.9354,0.3451,1,0,0
R7,700,middle,520,1.0,0.4952,0.5752,0.9354,0.3451,1,0,0
R7,700,middle,520,0.3571,0.5105,0.5316,0.9354,0.3451,1,0,0
R7,700,middle,520,0.5143,0.5219,0.5281,0.9354,0.3451,1,0,0
R7,700,middle,520,0.4286,0.5448,0.5082,0.9354,0.3451,1,0,0
R7,700,middle,520,0.9143,0.539,0.5894,0.9354,0.3451,1,0,0
R7,700,middle,520,0.3714,0.5429,0.5458,0.9354,0.3451,1,0,1
R7,700,middle,520,0.2714,0.5276,0.4909,0.9354,0.3451,1,0,0
R7,700,middle,553,0.6429,0.5524,0.5213,0.9354,0.3451,0,1,0
R7,700,middle,553,0.4714,0.5343,0.5113,0.9354,0.3451,0,1,0
R7,700,middle,553,0.8714,0.5333,0.5834,0.9354,0.3451,0,1,0
R7,700,middle,553,0.4571,0.539,0.5581,0.9354,0.3451,0,1,0
R7,700,middle,558,0.7,0.56,0.5865,0.9354,0.3451,0,1,0
R7,700,middle,558,0.7857,0.5905,0.6263,0.9354,0.3451,0,1,0
R7,700,middle,558,0.9,0.601,0.6811,0.9354,0.3451,0,1,0
R7,700,middle,558,0.7143,0.6267,0.6877,0.9354,0.3451,0,1,0
R7,700,middle,566,0.5714,0.5981,0.6645,0.9354,0.3451,1,1,0
R7,700,middle,566,0.8286,0.6295,0.6973,0.9354,0.3451,0,1,0
R7,700,middle,566,0.7857,0.6476,0.715,0.9354,0.3451,0,1,0
R7,700,middle,566,0.5571,0.6562,0.6834,0.9354,0.3451,1,1,0
R7,700,middle,566,0.6571,0.639,0.6782,0.9354,0.3451,1,0,0
R7,700,middle,566,0.3143,0.6352,0.6054,0.9354,0.3451,1,0,0
R7,700,middle,566,0.8714,0.6752,0.6586,0.9354,0.3451,1,1,0
R7,700,middle,566,0.8,0.6857,0.6869,0.9354,0.3451,0,1,0
R7,700,middle,566,0.5857,0.6933,0.6666,0.9354,0.3451,1,1,0
R7,700,middle,574,0.5714,0.6733,0.6476,0.9354,0.3451,0,1,0
R7,700,middle,574,0.8143,0.6971,0.6809,0.9354,0.3451,0,1,0
R7,700,middle,574,0.8143,0.7048,0.7076,0.9354,0.3451,0,1,0
R7,700,middle,574,0.8714,0.7105,0.7404,0.9354,0.3451,0,1,0
R7,700,middle,574,0.4857,0.6829,0.6894,0.9354,0.3451,0,1,0
R7,700,middle,574,0.8429,0.6914,0.7201,0.9354,0.3451,0,1,0
R7,700,middle,581,0.7429,0.7029,0.7247,0.9354,0.3451,1,1,0
R7,700,middle,581,0.7429,0.6971,0.7283,0.9354,0.3451,0,1,0
R7,700,middle,581,0.3857,0.6705,0.6598,0.9354,0.3451,0,1,0
R7,700,middle,581,0.8571,0.6905,0.6993,0.9354,0.3451,1,1,0
R7,700,middle,581,0.7857,0.699,0.7166,0.9354,0.3451,1,1,0
R7,700,middle,581,0.8143,0.7324,0.7361,0.9354,0.3451,0,1,0
R7,700,middle,581,0.8429,0.7305,0.7574,0.9354,0.3451,0,1,0
