stem,run_id,coating_gap,position,frame_number,split
image_1,R7,700,middle,489,test_out
image_2,R1,1100,top-to-bottom-center-1,220,train
image_3,R1,1100,top-to-bottom-center,85,train
image_4,R1,1100,top-to-bottom-center-1,190,val
image_5,R1,1100,top-to-bottom-center,218,train
image_6,R1,600,top-to-bottom-center,569,val
image_7,R1,1100,top-to-bottom-center,77,train
image_8,R1,700,top-to-bottom-center,597,train
image_9,R7,700,middle,100,test_out
image_10,R1,900,top-to-bottom-center,251,train
image_11,R1,900,top-to-bottom-center,512,train
image_12,R1,1000,top-to-bottom-center,173,train
image_13,R1,1100,top-to-bottom-center,147,train
image_14,R1,1100,top-to-bottom-center,98,train
image_15,R1,1000,top-to-bottom-center,256,train
image_16,R1,600,top-to-bottom-center,61,train
image_17,R1,1100,top-to-bottom-center,361,train
image_18,R1,1000,top-to-bottom-center,487,train
image_19,R1,800,top-to-bottom-center,46,val
image_20,R1,800,top-to-bottom-center,631,train
image_21,R1,800,top-to-bottom-center,439,train
image_22,R1,1100,top-to-bottom-center,356,train
image_23,R1,1100,top-to-bottom-center,264,train
image_24,R1,800,top-to-bottom-center,412,train
image_25,R1,900,top-to-bottom-center,33,test_in
image_26,R1,800,top-to-bottom-center,540,train
image_27,R1,1100,top-to-bottom-center-1,425,train
image_28,R1,900,top-to-bottom-center,604,train
image_29,R1,1100,top-to-bottom-center-1,425,train
image_30,R1,1100,top-to-bottom-center-1,338,train
image_31,R1,1100,top-to-bottom-center-1,338,train
image_32,R1,800,top-to-bottom-center,439,train
image_33,R7,700,middle,500,test_out
image_34,R1,1100,top-to-bottom-center,128,train
image_35,R1,1100,top-to-bottom-center,86,val
image_36,R1,1100,top-to-bottom-center,281,train
image_37,R1,1100,top-to-bottom-center,183,val
image_38,R1,600,top-to-bottom-center,603,train
image_39,R1,1100,top-to-bottom-center-1,205,val
image_40,R1,1100,top-to-bottom-center-1,329,train
image_41,R1,700,top-to-bottom-center,485,train
image_42,R1,600,top-to-bottom-center,36,train
image_43,R1,1000,top-to-bottom-center,180,train
image_44,R1,1100,top-to-bottom-center,386,train
image_45,R1,600,top-to-bottom-center,387,test_in
image_46,R1,800,top-to-bottom-center,454,train
image_47,R1,600,top-to-bottom-center,594,train
image_48,R1,900,top-to-bottom-center,179,val
image_49,R1,1100,top-to-bottom-center,43,train
image_50,R1,900,top-to-bottom-center,263,train
image_51,R1,1000,top-to-bottom-center,395,train
image_52,R1,700,top-to-bottom-center,41,train
image_53,R1,800,top-to-bottom-center,479,train
image_54,R1,1100,top-to-bottom-center,327,train
image_55,R1,1100,top-to-bottom-center,286,train
image_56,R1,800,top-to-bottom-center,473,val
image_57,R1,600,top-to-bottom-center,45,train
image_58,R1,1000,top-to-bottom-center,458,train
image_59,R1,600,top-to-bottom-center,631,train
image_60,R1,1000,top-to-bottom-center,395,train
image_61,R1,600,top-to-bottom-center,182,train
image_62,R1,1000,top-to-bottom-center,260,train
image_63,R1,600,top-to-bottom-center,356,train
image_64,R1,1100,top-to-bottom-center,223,train
image_65,R1,900,top-to-bottom-center,392,train
image_66,R1,700,top-to-bottom-center,556,train
image_67,R1,1100,top-to-bottom-center,232,test_in
image_68,R1,900,top-to-bottom-center,405,train
image_69,R7,700,middle,581,test_out
image_70,R1,600,top-to-bottom-center,596,train
image_71,R1,1100,top-to-bottom-center-1,241,train
image_72,R1,600,top-to-bottom-center,387,test_in
image_73,R7,700,middle,512,test_out
image_74,R1,900,top-to-bottom-center,194,train
image_75,R1,1100,top-to-bottom-center,167,val
image_76,R1,1100,top-to-bottom-center-1,241,train
image_77,R1,800,top-to-bottom-center,638,val
image_78,R1,1100,top-to-bottom-center,124,train
image_79,R1,800,top-to-bottom-center,439,train
image_80,R1,800,top-to-bottom-center,119,train
image_81,R1,1100,top-to-bottom-center,372,train
image_82,R1,1000,top-to-bottom-center,134,train
image_83,R1,1100,top-to-bottom-center,277,train
image_84,R1,900,top-to-bottom-center,418,train
image_85,R1,900,top-to-bottom-center,405,train
image_86,R1,600,top-to-bottom-center,622,train
image_87,R1,600,top-to-bottom-center,526,train
image_88,R1,900,top-to-bottom-center,486,val
image_89,R1,1100,top-to-bottom-center,97,train
image_90,R1,1100,top-to-bottom-center,220,train
image_91,R1,1100,top-to-bottom-center-1,96,train
image_92,R1,900,top-to-bottom-center,207,val
image_93,R1,600,top-to-bottom-center,308,val
image_94,R1,900,top-to-bottom-center,565,train
image_95,R1,600,top-to-bottom-center,143,train
image_96,R1,1100,top-to-bottom-center,254,train
image_97,R1,700,top-to-bottom-center,387,train
image_98,R1,700,top-to-bottom-center,347,val
image_99,R1,1100,top-to-bottom-center-1,521,train
image_100,R1,1100,top-to-bottom-center,128,train
image_101,R1,700,top-to-bottom-center,556,train
image_102,R1,600,top-to-bottom-center,87,train
image_103,R1,1000,top-to-bottom-center,260,train
image_104,R1,600,top-to-bottom-center,412,val
image_105,R1,1100,top-to-bottom-center,205,val
image_106,R1,1000,top-to-bottom-center,550,train
image_107,R1,1000,top-to-bottom-center,550,train
image_108,R1,800,top-to-bottom-center,499,train
image_109,R1,1100,top-to-bottom-center,218,train
image_110,R1,600,top-to-bottom-center,408,train
image_111,R1,900,top-to-bottom-center,604,train
image_112,R1,1100,top-to-bottom-center,52,train
image_113,R1,700,top-to-bottom-center,289,train
image_114,R1,900,top-to-bottom-center,593,train
image_115,R7,700,middle,260,test_out
image_116,R7,700,middle,221,test_out
image_117,R1,700,top-to-bottom-center,312,train
image_118,R1,1100,top-to-bottom-center,145,train
image_119,R1,700,top-to-bottom-center,334,train
image_120,R1,1100,top-to-bottom-center,297,val
image_121,R1,1100,top-to-bottom-center-1,284,test_in
image_122,R1,1000,top-to-bottom-center,225,train
image_123,R1,1100,top-to-bottom-center,124,train
image_124,R1,1100,top-to-bottom-center-1,402,train
image_125,R1,600,top-to-bottom-center,372,train
image_126,R1,1100,top-to-bottom-center-1,161,train
image_127,R1,900,top-to-bottom-center,316,val
image_128,R1,1100,top-to-bottom-center,167,val
image_129,R1,900,top-to-bottom-center,376,val
image_130,R1,1100,top-to-bottom-center,297,val
image_131,R1,1100,top-to-bottom-center,239,train
image_132,R7,700,middle,520,test_out
image_133,R1,700,top-to-bottom-center,580,train
image_134,R1,1000,top-to-bottom-center,338,train
image_135,R1,1100,top-to-bottom-center,83,train
image_136,R1,1100,top-to-bottom-center-1,235,test_in
image_137,R1,800,top-to-bottom-center,499,train
image_138,R1,700,top-to-bottom-center,312,train
image_139,R1,900,top-to-bottom-center,611,train
image_140,R1,900,top-to-bottom-center,557,val
image_141,R1,700,top-to-bottom-center,673,train
image_142,R1,600,top-to-bottom-center,356,train
image_143,R1,1100,top-to-bottom-center,167,val
image_144,R1,1000,top-to-bottom-center,434,val
image_145,R1,1100,top-to-bottom-center,308,test_in
image_146,R1,900,top-to-bottom-center,179,val
image_147,R7,700,middle,208,test_out
image_148,R1,800,top-to-bottom-center,473,val
image_149,R1,1100,top-to-bottom-center,239,train
image_150,R1,1000,top-to-bottom-center,156,train
image_151,R1,800,top-to-bottom-center,439,train
image_152,R1,1100,top-to-bottom-center-1,169,train
image_153,R7,700,middle,122,test_out
image_154,R1,1100,top-to-bottom-center,161,val
image_155,R1,1100,top-to-bottom-center-1,372,train
image_156,R1,700,top-to-bottom-center,505,train
image_157,R1,900,top-to-bottom-center,405,train
image_158,R1,1100,top-to-bottom-center,52,train
image_159,R1,900,top-to-bottom-center,376,val
image_160,R1,600,top-to-bottom-center,51,train
image_161,R1,600,top-to-bottom-center,61,train
image_162,R1,600,top-to-bottom-center,203,train
image_163,R1,1100,top-to-bottom-center-1,96,train
image_164,R1,600,top-to-bottom-center,526,train
image_165,R1,1100,top-to-bottom-center-1,387,train
image_166,R1,800,top-to-bottom-center,304,test_in
image_167,R1,1100,top-to-bottom-center-1,342,train
image_168,R1,700,top-to-bottom-center,347,val
image_169,R1,800,top-to-bottom-center,98,train
image_170,R1,700,top-to-bottom-center,580,train
image_171,R1,900,top-to-bottom-center,210,train
image_172,R1,1000,top-to-bottom-center,434,val
image_173,R1,1100,top-to-bottom-center,147,train
image_174,R7,700,middle,520,test_out
image_175,R7,700,middle,489,test_out
image_176,R1,1100,top-to-bottom-center-1,161,train
image_177,R7,700,middle,238,test_out
image_178,R1,1000,top-to-bottom-center,338,train
image_179,R1,900,top-to-bottom-center,303,test_in
image_180,R1,900,top-to-bottom-center,611,train
image_181,R1,1100,top-to-bottom-center-1,488,train
image_182,R1,800,top-to-bottom-center,573,test_in
image_183,R1,800,top-to-bottom-center,499,train
image_184,R1,800,top-to-bottom-center,479,train
image_185,R1,1100,top-to-bottom-center-1,96,train
image_186,R1,800,top-to-bottom-center,255,train
image_187,R1,900,top-to-bottom-center,376,val
image_188,R1,800,top-to-bottom-center,318,train
image_189,R1,1100,top-to-bottom-center-1,225,val
image_190,R1,1100,top-to-bottom-center-1,468,val
image_191,R1,800,top-to-bottom-center,304,test_in
image_192,R1,1100,top-to-bottom-center,191,val
image_193,R7,700,middle,520,test_out
image_194,R7,700,middle,221,test_out
image_195,R1,1100,top-to-bottom-center,277,train
image_196,R1,600,top-to-bottom-center,299,train
image_197,R1,800,top-to-bottom-center,72,train
image_198,R1,1000,top-to-bottom-center,551,val
image_199,R7,700,middle,1,test_out
image_200,R1,1100,top-to-bottom-center,286,train
image_201,R1,600,top-to-bottom-center,611,val
image_202,R1,1100,top-to-bottom-center-1,161,train
image_203,R1,1100,top-to-bottom-center,342,train
image_204,R1,1000,top-to-bottom-center,595,test_in
image_205,R1,800,top-to-bottom-center,112,train
image_206,R1,1100,top-to-bottom-center,147,train
image_207,R1,1100,top-to-bottom-center-1,241,train
image_208,R1,1100,top-to-bottom-center,179,train
image_209,R1,600,top-to-bottom-center,622,train
image_210,R7,700,middle,97,test_out
image_211,R1,900,top-to-bottom-center,221,train
image_212,R1,1100,top-to-bottom-center,342,train
image_213,R1,900,top-to-bottom-center,564,train
image_214,R1,1100,top-to-bottom-center,264,train
image_215,R1,800,top-to-bottom-center,573,test_in
image_216,R1,800,top-to-bottom-center,499,train
image_217,R1,1100,top-to-bottom-center,144,test_in
image_218,R1,800,top-to-bottom-center,501,train
image_219,R1,800,top-to-bottom-center,80,train
image_220,R1,700,top-to-bottom-center,505,train
image_221,R1,1000,top-to-bottom-center,180,train
image_222,R1,1100,top-to-bottom-center,308,test_in
image_223,R1,1100,top-to-bottom-center-1,235,test_in
image_224,R1,700,top-to-bottom-center,306,train
image_225,R1,900,top-to-bottom-center,593,train
image_226,R1,1100,top-to-bottom-center-1,402,train
image_227,R1,600,top-to-bottom-center,594,train
image_228,R1,700,top-to-bottom-center,373,test_in
image_229,R1,800,top-to-bottom-center,526,val
image_230,R1,900,top-to-bottom-center,493,train
image_231,R1,600,top-to-bottom-center,53,train
image_232,R1,600,top-to-bottom-center,586,train
image_233,R1,900,top-to-bottom-center,37,val
image_234,R1,800,top-to-bottom-center,318,train
image_235,R1,1000,top-to-bottom-center,461,train
image_236,R1,1000,top-to-bottom-center,170,train
image_237,R1,700,top-to-bottom-center,648,train
image_238,R1,700,top-to-bottom-center,44,train
image_239,R1,900,top-to-bottom-center,263,train
image_240,R1,800,top-to-bottom-center,49,train
image_241,R1,800,top-to-bottom-center,413,train
image_242,R1,1000,top-to-bottom-center,85,train
image_243,R1,1100,top-to-bottom-center,384,val
image_244,R1,1100,top-to-bottom-center-1,250,train
image_245,R1,600,top-to-bottom-center,555,test_in
image_246,R1,1100,top-to-bottom-center,97,train
image_247,R1,1100,top-to-bottom-center-1,502,train
image_248,R1,900,top-to-bottom-center,109,train
image_249,R1,1100,top-to-bottom-center,232,test_in
image_250,R1,1000,top-to-bottom-center,338,train
image_251,R1,600,top-to-bottom-center,63,val
image_252,R1,600,top-to-bottom-center,407,train
image_253,R1,800,top-to-bottom-center,49,train
image_254,R1,700,top-to-bottom-center,597,train
image_255,R1,1100,top-to-bottom-center,183,val
image_256,R1,1100,top-to-bottom-center-1,284,test_in
image_257,R1,1100,top-to-bottom-center,297,val
image_258,R1,700,top-to-bottom-center,334,train
image_259,R1,1100,top-to-bottom-center,232,test_in
image_260,R1,800,top-to-bottom-center,367,train
image_261,R1,1100,top-to-bottom-center,384,val
image_262,R1,1100,top-to-bottom-center-1,280,val
image_263,R1,800,top-to-bottom-center,608,train
image_264,R7,700,middle,221,test_out
image_265,R1,900,top-to-bottom-center,392,train
image_266,R1,900,top-to-bottom-center,152,test_in
image_267,R1,1100,top-to-bottom-center,297,val
image_268,R1,1100,top-to-bottom-center,356,train
image_269,R1,1100,top-to-bottom-center-1,342,train
image_270,R1,900,top-to-bottom-center,263,train
image_271,R1,1100,top-to-bottom-center-1,402,train
image_272,R1,700,top-to-bottom-center,570,train
image_273,R1,1100,top-to-bottom-center-1,481,train
image_274,R1,600,top-to-bottom-center,611,val
image_275,R1,800,top-to-bottom-center,641,train
image_276,R7,700,middle,500,test_out
image_277,R1,900,top-to-bottom-center,251,train
image_278,R1,1100,top-to-bottom-center-1,338,train
image_279,R7,700,middle,251,test_out
image_280,R1,1100,top-to-bottom-center,191,val
image_281,R1,1100,top-to-bottom-center-1,284,test_in
image_282,R1,1000,top-to-bottom-center,287,train
image_283,R7,700,middle,1,test_out
image_284,R1,1100,top-to-bottom-center,167,val
image_285,R1,800,top-to-bottom-center,638,val
image_286,R1,700,top-to-bottom-center,254,train
image_287,R1,1100,top-to-bottom-center-1,425,train
image_288,R1,1000,top-to-bottom-center,458,train
image_289,R1,900,top-to-bottom-center,392,train
image_290,R1,800,top-to-bottom-center,501,train
image_291,R1,900,top-to-bottom-center,392,train
image_292,R1,1100,top-to-bottom-center,43,train
image_293,R1,1100,top-to-bottom-center,262,train
image_294,R1,1100,top-to-bottom-center,98,train
image_295,R1,600,top-to-bottom-center,586,train
image_296,R1,700,top-to-bottom-center,64,train
image_297,R1,900,top-to-bottom-center,434,train
image_298,R1,1100,top-to-bottom-center-1,447,train
image_299,R1,1100,top-to-bottom-center,177,train
image_300,R1,900,top-to-bottom-center,207,val
image_301,R1,1100,top-to-bottom-center-1,280,val
image_302,R1,800,top-to-bottom-center,627,val
image_303,R1,1100,top-to-bottom-center-1,447,train
image_304,R1,700,top-to-bottom-center,228,train
image_305,R1,1100,top-to-bottom-center-1,241,train
image_306,R1,1100,top-to-bottom-center,177,train
image_307,R1,900,top-to-bottom-center,251,train
image_308,R1,600,top-to-bottom-center,372,train
image_309,R1,700,top-to-bottom-center,597,train
image_310,R1,1100,top-to-bottom-center,345,train
image_311,R1,900,top-to-bottom-center,362,train
image_312,R1,800,top-to-bottom-center,540,train
image_313,R1,1000,top-to-bottom-center,8,val
image_314,R1,900,top-to-bottom-center,290,val
image_315,R1,800,top-to-bottom-center,540,train
image_316,R1,600,top-to-bottom-center,36,train
image_317,R1,800,top-to-bottom-center,641,train
image_318,R1,600,top-to-bottom-center,394,train
image_319,R1,900,top-to-bottom-center,316,val
image_320,R1,1100,top-to-bottom-center,83,train
image_321,R1,1000,top-to-bottom-center,384,train
image_322,R1,900,top-to-bottom-center,275,train
image_323,R1,700,top-to-bottom-center,590,train
image_324,R1,900,top-to-bottom-center,263,train
image_325,R1,1100,top-to-bottom-center-1,280,val
image_326,R1,1000,top-to-bottom-center,8,val
image_327,R1,900,top-to-bottom-center,332,train
image_328,R1,600,top-to-bottom-center,569,val
image_329,R1,1000,top-to-bottom-center,451,train
image_330,R1,1000,top-to-bottom-center,245,train
image_331,R1,1000,top-to-bottom-center,287,train
image_332,R1,900,top-to-bottom-center,486,val
image_333,R1,1000,top-to-bottom-center,287,train
image_334,R1,1000,top-to-bottom-center,260,train
image_335,R1,1100,top-to-bottom-center,297,val
image_336,R1,1100,top-to-bottom-center-1,205,val
image_337,R1,600,top-to-bottom-center,70,train
image_338,R1,900,top-to-bottom-center,565,train
image_339,R1,700,top-to-bottom-center,580,train
image_340,R1,600,top-to-bottom-center,182,train
image_341,R7,700,middle,97,test_out
image_342,R1,600,top-to-bottom-center,203,train
image_343,R1,1100,top-to-bottom-center,52,train
image_344,R1,1100,top-to-bottom-center-1,235,test_in
image_345,R1,700,top-to-bottom-center,648,train
image_346,R1,900,top-to-bottom-center,376,val
image_347,R1,600,top-to-bottom-center,631,train
image_348,R1,700,top-to-bottom-center,41,train
image_349,R1,600,top-to-bottom-center,622,train
image_350,R1,800,top-to-bottom-center,367,train
image_351,R1,800,top-to-bottom-center,573,test_in
image_352,R1,800,top-to-bottom-center,318,train
image_353,R1,1100,top-to-bottom-center,287,train
image_354,R7,700,middle,558,test_out
image_355,R1,600,top-to-bottom-center,412,val
image_356,R1,1000,top-to-bottom-center,225,train
image_357,R1,1100,top-to-bottom-center-1,235,test_in
image_358,R1,800,top-to-bottom-center,413,train
image_359,R1,600,top-to-bottom-center,418,train
image_360,R1,700,top-to-bottom-center,254,train
image_361,R1,1100,top-to-bottom-center,361,train
image_362,R1,900,top-to-bottom-center,512,train
image_363,R1,1000,top-to-bottom-center,209,train
image_364,R1,1100,top-to-bottom-center,370,train
image_365,R1,800,top-to-bottom-center,413,train
image_366,R7,700,middle,97,test_out
image_367,R1,1000,top-to-bottom-center,434,val
image_368,R1,1000,top-to-bottom-center,384,train
image_369,R1,900,top-to-bottom-center,109,train
image_370,R1,700,top-to-bottom-center,228,train
image_371,R7,700,middle,574,test_out
image_372,R1,800,top-to-bottom-center,479,train
image_373,R1,900,top-to-bottom-center,194,train
image_374,R1,900,top-to-bottom-center,486,val
image_375,R1,700,top-to-bottom-center,41,train
image_376,R1,1100,top-to-bottom-center-1,96,train
image_377,R1,900,top-to-bottom-center,303,test_in
image_378,R1,900,top-to-bottom-center,434,train
image_379,R1,900,top-to-bottom-center,565,train
image_380,R1,1100,top-to-bottom-center-1,329,train
image_381,R1,700,top-to-bottom-center,580,train
image_382,R1,900,top-to-bottom-center,192,train
image_383,R1,1000,top-to-bottom-center,173,train
image_384,R1,900,top-to-bottom-center,593,train
image_385,R1,900,top-to-bottom-center,234,train
image_386,R1,700,top-to-bottom-center,329,train
image_387,R1,900,top-to-bottom-center,275,train
image_388,R1,900,top-to-bottom-center,434,train
image_389,R1,1100,top-to-bottom-center,128,train
image_390,R1,1100,top-to-bottom-center,132,train
image_391,R1,1100,top-to-bottom-center,254,train
image_392,R1,800,top-to-bottom-center,473,val
image_393,R1,800,top-to-bottom-center,641,train
image_394,R1,1100,top-to-bottom-center,220,train
image_395,R1,1100,top-to-bottom-center-1,169,train
image_396,R1,600,top-to-bottom-center,586,train
image_397,R1,1100,top-to-bottom-center,147,train
image_398,R1,700,top-to-bottom-center,260,train
image_399,R1,1100,top-to-bottom-center-1,174,train
image_400,R1,900,top-to-bottom-center,316,val
image_401,R1,1100,top-to-bottom-center,330,train
image_402,R1,600,top-to-bottom-center,553,train
image_403,R1,800,top-to-bottom-center,561,train
image_404,R1,1000,top-to-bottom-center,245,train
image_405,R1,600,top-to-bottom-center,594,train
image_406,R1,600,top-to-bottom-center,659,train
image_407,R1,900,top-to-bottom-center,493,train
image_408,R1,1100,top-to-bottom-center,83,train
image_409,R7,700,middle,566,test_out
image_410,R1,600,top-to-bottom-center,586,train
image_411,R1,1100,top-to-bottom-center-1,468,val
image_412,R1,800,top-to-bottom-center,255,train
image_413,R1,800,top-to-bottom-center,573,test_in
image_414,R1,1100,top-to-bottom-center-1,205,val
image_415,R1,1000,top-to-bottom-center,395,train
image_416,R1,1100,top-to-bottom-center,327,train
image_417,R1,1100,top-to-bottom-center-1,338,train
image_418,R1,1100,top-to-bottom-center-1,493,train
image_419,R1,700,top-to-bottom-center,570,train
image_420,R7,700,middle,1,test_out
image_421,R1,1100,top-to-bottom-center,175,val
image_422,R1,1100,top-to-bottom-center,52,train
image_423,R1,900,top-to-bottom-center,316,val
image_424,R1,900,top-to-bottom-center,221,train
image_425,R1,1100,top-to-bottom-center,254,train
image_426,R1,800,top-to-bottom-center,339,train
image_427,R1,1100,top-to-bottom-center-1,225,val
image_428,R1,1100,top-to-bottom-center,345,train
image_429,R1,1100,top-to-bottom-center,223,train
image_430,R1,900,top-to-bottom-center,288,train
image_431,R1,600,top-to-bottom-center,525,train
image_432,R1,900,top-to-bottom-center,192,train
image_433,R1,1100,top-to-bottom-center,161,val
image_434,R1,700,top-to-bottom-center,485,train
image_435,R1,800,top-to-bottom-center,170,val
image_436,R1,600,top-to-bottom-center,418,train
image_437,R1,600,top-to-bottom-center,45,train
image_438,R1,1100,top-to-bottom-center-1,96,train
image_439,R1,1100,top-to-bottom-center,177,train
image_440,R1,1100,top-to-bottom-center-1,284,test_in
image_441,R1,1100,top-to-bottom-center,345,train
image_442,R1,800,top-to-bottom-center,339,train
image_443,R1,900,top-to-bottom-center,362,train
image_444,R1,1100,top-to-bottom-center-1,481,train
image_445,R1,600,top-to-bottom-center,403,train
image_446,R1,700,top-to-bottom-center,218,test_in
image_447,R1,600,top-to-bottom-center,274,val
image_448,R1,700,top-to-bottom-center,597,train
image_449,R1,1000,top-to-bottom-center,487,train
image_450,R1,900,top-to-bottom-center,405,train
image_451,R1,1100,top-to-bottom-center,132,train
image_452,R1,700,top-to-bottom-center,661,train
image_453,R1,700,top-to-bottom-center,590,train
image_454,R1,1100,top-to-bottom-center,109,val
image_455,R1,900,top-to-bottom-center,512,train
image_456,R1,1100,top-to-bottom-center-1,342,train
image_457,R1,700,top-to-bottom-center,44,train
image_458,R1,700,top-to-bottom-center,387,train
image_459,R7,700,middle,566,test_out
image_460,R7,700,middle,553,test_out
image_461,R1,900,top-to-bottom-center,207,val
image_462,R1,1100,top-to-bottom-center,232,test_in
image_463,R1,700,top-to-bottom-center,485,train
image_464,R1,1100,top-to-bottom-center,330,train
image_465,R1,1000,top-to-bottom-center,384,train
image_466,R1,900,top-to-bottom-center,486,val
image_467,R1,1100,top-to-bottom-center,161,val
image_468,R1,700,top-to-bottom-center,387,train
image_469,R1,800,top-to-bottom-center,253,train
image_470,R1,700,top-to-bottom-center,618,train
image_471,R1,1000,top-to-bottom-center,395,train
image_472,R1,700,top-to-bottom-center,452,train
image_473,R1,700,top-to-bottom-center,570,train
image_474,R1,1100,top-to-bottom-center,254,train
image_475,R1,600,top-to-bottom-center,403,train
image_476,R1,600,top-to-bottom-center,477,val
image_477,R1,1100,top-to-bottom-center,372,train
image_478,R1,600,top-to-bottom-center,622,train
image_479,R1,700,top-to-bottom-center,485,train
image_480,R1,1100,top-to-bottom-center,239,train
image_481,R1,600,top-to-bottom-center,659,train
image_482,R1,600,top-to-bottom-center,372,train
image_483,R1,800,top-to-bottom-center,540,train
image_484,R1,700,top-to-bottom-center,306,train
image_485,R1,1000,top-to-bottom-center,222,val
image_486,R1,800,top-to-bottom-center,492,train
image_487,R1,600,top-to-bottom-center,622,train
image_488,R1,900,top-to-bottom-center,347,train
image_489,R1,1100,top-to-bottom-center-1,205,val
image_490,R1,700,top-to-bottom-center,228,train
image_491,R1,1000,top-to-bottom-center,451,train
image_492,R1,800,top-to-bottom-center,641,train
image_493,R1,1100,top-to-bottom-center,77,train
image_494,R1,1100,top-to-bottom-center,161,val
image_495,R7,700,middle,97,test_out
image_496,R1,600,top-to-bottom-center,412,val
image_497,R1,700,top-to-bottom-center,426,train
image_498,R1,1100,top-to-bottom-center,386,train
image_499,R1,700,top-to-bottom-center,6,val
image_500,R1,900,top-to-bottom-center,234,train
image_501,R1,900,top-to-bottom-center,194,train
image_502,R1,1100,top-to-bottom-center,161,val
image_503,R1,600,top-to-bottom-center,45,train
image_504,R1,600,top-to-bottom-center,201,val
image_505,R1,600,top-to-bottom-center,596,train
image_506,R1,1100,top-to-bottom-center,372,train
image_507,R1,1000,top-to-bottom-center,134,train
image_508,R1,600,top-to-bottom-center,464,val
image_509,R1,700,top-to-bottom-center,306,train
image_510,R1,1100,top-to-bottom-center-1,220,train
image_511,R1,1100,top-to-bottom-center-1,280,val
image_512,R1,800,top-to-bottom-center,501,train
image_513,R1,1000,top-to-bottom-center,458,train
image_514,R1,700,top-to-bottom-center,387,train
image_515,R1,800,top-to-bottom-center,554,val
image_516,R7,700,middle,212,test_out
image_517,R1,1100,top-to-bottom-center-1,425,train
image_518,R1,1000,top-to-bottom-center,487,train
image_519,R1,700,top-to-bottom-center,260,train
image_520,R1,600,top-to-bottom-center,459,train
image_521,R1,600,top-to-bottom-center,586,train
image_522,R1,800,top-to-bottom-center,638,val
image_523,R1,700,top-to-bottom-center,556,train
image_524,R1,1000,top-to-bottom-center,209,train
image_525,R1,1100,top-to-bottom-center,253,train
image_526,R1,1000,top-to-bottom-center,8,val
image_527,R1,900,top-to-bottom-center,221,train
image_528,R7,700,middle,122,test_out
image_529,R1,800,top-to-bottom-center,561,train
image_530,R1,600,top-to-bottom-center,457,train
image_531,R1,1100,top-to-bottom-center-1,174,train
image_532,R1,600,top-to-bottom-center,603,train
image_533,R1,800,top-to-bottom-center,573,test_in
image_534,R1,800,top-to-bottom-center,631,train
image_535,R1,1100,top-to-bottom-center,264,train
image_536,R1,600,top-to-bottom-center,631,train
image_537,R1,1000,top-to-bottom-center,594,train
image_538,R1,600,top-to-bottom-center,611,val
image_539,R1,1100,top-to-bottom-center-1,488,train
image_540,R1,1100,top-to-bottom-center,308,test_in
image_541,R1,1100,top-to-bottom-center,123,train
image_542,R1,800,top-to-bottom-center,304,test_in
image_543,R1,1100,top-to-bottom-center,147,train
image_544,R1,900,top-to-bottom-center,166,train
image_545,R1,800,top-to-bottom-center,492,train
image_546,R1,900,top-to-bottom-center,604,train
image_547,R1,1100,top-to-bottom-center,147,train
image_548,R1,1100,top-to-bottom-center,98,train
image_549,R1,1000,top-to-bottom-center,569,val
image_550,R1,600,top-to-bottom-center,376,train
image_551,R1,1100,top-to-bottom-center-1,120,train
image_552,R1,1000,top-to-bottom-center,245,train
image_553,R1,900,top-to-bottom-center,234,train
image_554,R1,1000,top-to-bottom-center,8,val
image_555,R1,1000,top-to-bottom-center,209,train
image_556,R1,900,top-to-bottom-center,192,train
image_557,R1,1100,top-to-bottom-center,308,test_in
image_558,R1,900,top-to-bottom-center,210,train
image_559,R1,1100,top-to-bottom-center-1,342,train
image_560,R1,900,top-to-bottom-center,234,train
image_561,R1,700,top-to-bottom-center,386,train
image_562,R1,600,top-to-bottom-center,631,train
image_563,R1,1100,top-to-bottom-center-1,372,train
image_564,R1,600,top-to-bottom-center,526,train
image_565,R1,600,top-to-bottom-center,603,train
image_566,R1,1100,top-to-bottom-center-1,284,test_in
image_567,R1,700,top-to-bottom-center,648,train
image_568,R1,900,top-to-bottom-center,288,train
image_569,R7,700,middle,520,test_out
image_570,R1,900,top-to-bottom-center,564,train
image_571,R1,1000,top-to-bottom-center,180,train
image_572,R1,800,top-to-bottom-center,638,val
image_573,R7,700,middle,581,test_out
image_574,R1,1100,top-to-bottom-center,145,train
image_575,R1,1100,top-to-bottom-center-1,235,test_in
image_576,R1,1100,top-to-bottom-center-1,397,train
image_577,R1,900,top-to-bottom-center,347,train
image_578,R1,600,top-to-bottom-center,119,val
image_579,R7,700,middle,1,test_out
image_580,R7,700,middle,97,test_out
image_581,R1,800,top-to-bottom-center,358,train
image_582,R1,1100,top-to-bottom-center,253,train
image_583,R1,700,top-to-bottom-center,306,train
image_584,R1,600,top-to-bottom-center,412,val
image_585,R1,900,top-to-bottom-center,37,val
image_586,R1,1100,top-to-bottom-center,327,train
image_587,R1,700,top-to-bottom-center,254,train
image_588,R1,1100,top-to-bottom-center,193,train
image_589,R7,700,middle,581,test_out
image_590,R7,700,middle,253,test_out
image_591,R1,1100,top-to-bottom-center-1,402,train
image_592,R1,700,top-to-bottom-center,452,train
image_593,R1,700,top-to-bottom-center,260,train
image_594,R1,800,top-to-bottom-center,439,train
image_595,R1,1100,top-to-bottom-center-1,220,train
image_596,R1,1000,top-to-bottom-center,156,train
image_597,R1,900,top-to-bottom-center,332,train
image_598,R1,900,top-to-bottom-center,486,val
image_599,R1,700,top-to-bottom-center,347,val
image_600,R1,800,top-to-bottom-center,627,val
image_601,R1,1100,top-to-bottom-center-1,397,train
image_602,R1,1000,top-to-bottom-center,487,train
image_603,R1,800,top-to-bottom-center,513,test_in
image_604,R1,900,top-to-bottom-center,486,val
image_605,R1,1100,top-to-bottom-center-1,250,train
image_606,R1,900,top-to-bottom-center,611,train
image_607,R1,600,top-to-bottom-center,143,train
image_608,R1,900,top-to-bottom-center,418,train
image_609,R7,700,middle,500,test_out
image_610,R1,900,top-to-bottom-center,290,val
image_611,R1,1000,top-to-bottom-center,550,train
image_612,R1,600,top-to-bottom-center,203,train
image_613,R1,900,top-to-bottom-center,418,train
image_614,R1,700,top-to-bottom-center,329,train
image_615,R1,1100,top-to-bottom-center-1,174,train
image_616,R7,700,middle,120,test_out
image_617,R1,600,top-to-bottom-center,376,train
image_618,R1,1000,top-to-bottom-center,595,test_in
image_619,R1,1100,top-to-bottom-center-1,493,train
image_620,R1,1100,top-to-bottom-center-1,45,val
image_621,R1,1100,top-to-bottom-center-1,241,train
image_622,R1,900,top-to-bottom-center,434,train
image_623,R1,1100,top-to-bottom-center,183,val
image_624,R1,900,top-to-bottom-center,418,train
image_625,R1,600,top-to-bottom-center,152,val
image_626,R1,1100,top-to-bottom-center,330,train
image_627,R1,800,top-to-bottom-center,631,train
image_628,R1,700,top-to-bottom-center,77,train
image_629,R1,800,top-to-bottom-center,316,train
image_630,R1,1100,top-to-bottom-center-1,447,train
image_631,R1,1000,top-to-bottom-center,225,train
image_632,R1,700,top-to-bottom-center,572,val
image_633,R1,900,top-to-bottom-center,565,train
image_634,R1,900,top-to-bottom-center,275,train
image_635,R1,900,top-to-bottom-center,210,train
image_636,R1,1100,top-to-bottom-center-1,190,val
image_637,R1,800,top-to-bottom-center,408,train
image_638,R1,600,top-to-bottom-center,271,val
image_639,R1,1000,top-to-bottom-center,551,val
image_640,R1,1000,top-to-bottom-center,180,train
image_641,R1,900,top-to-bottom-center,593,train
image_642,R1,1000,top-to-bottom-center,487,train
image_643,R1,1100,top-to-bottom-center,356,train
image_644,R1,1100,top-to-bottom-center,287,train
image_645,R1,900,top-to-bottom-center,192,train
image_646,R1,1000,top-to-bottom-center,256,train
image_647,R1,1100,top-to-bottom-center,144,test_in
image_648,R1,600,top-to-bottom-center,356,train
image_649,R1,700,top-to-bottom-center,306,train
image_650,R1,1100,top-to-bottom-center-1,488,train
image_651,R1,600,top-to-bottom-center,631,train
image_652,R1,600,top-to-bottom-center,622,train
image_653,R1,800,top-to-bottom-center,554,val
image_654,R1,600,top-to-bottom-center,174,train
image_655,R1,600,top-to-bottom-center,127,train
image_656,R1,800,top-to-bottom-center,201,train
image_657,R1,1100,top-to-bottom-center,345,train
image_658,R1,800,top-to-bottom-center,573,test_in
image_659,R1,1100,top-to-bottom-center,245,train
image_660,R1,1100,top-to-bottom-center,264,train
image_661,R1,700,top-to-bottom-center,505,train
image_662,R1,600,top-to-bottom-center,659,train
image_663,R1,1100,top-to-bottom-center-1,372,train
image_664,R1,1000,top-to-bottom-center,134,train
image_665,R1,600,top-to-bottom-center,279,train
image_666,R1,1100,top-to-bottom-center,281,train
image_667,R1,700,top-to-bottom-center,572,val
image_668,R1,800,top-to-bottom-center,540,train
image_669,R1,800,top-to-bottom-center,501,train
image_670,R1,600,top-to-bottom-center,165,train
image_671,R7,700,middle,503,test_out
image_672,R1,1100,top-to-bottom-center,372,train
image_673,R1,800,top-to-bottom-center,623,train
image_674,R1,1100,top-to-bottom-center,86,val
image_675,R1,1000,top-to-bottom-center,384,train
image_676,R1,900,top-to-bottom-center,33,test_in
image_677,R1,1100,top-to-bottom-center,220,train
image_678,R1,1000,top-to-bottom-center,222,val
image_679,R7,700,middle,512,test_out
image_680,R1,1000,top-to-bottom-center,156,train
image_681,R7,700,middle,520,test_out
image_682,R1,1100,top-to-bottom-center,287,train
image_683,R1,1100,top-to-bottom-center,43,train
image_684,R1,700,top-to-bottom-center,364,val
image_685,R1,900,top-to-bottom-center,565,train
image_686,R1,1100,top-to-bottom-center,98,train
image_687,R1,1100,top-to-bottom-center-1,521,train
image_688,R1,900,top-to-bottom-center,275,train
image_689,R1,800,top-to-bottom-center,473,val
image_690,R1,1100,top-to-bottom-center,109,val
image_691,R1,800,top-to-bottom-center,573,test_in
image_692,R1,1100,top-to-bottom-center,286,train
image_693,R7,700,middle,503,test_out
image_694,R1,1100,top-to-bottom-center,144,test_in
image_695,R1,800,top-to-bottom-center,358,train
image_696,R1,1100,top-to-bottom-center,52,train
image_697,R1,900,top-to-bottom-center,275,train
image_698,R1,700,top-to-bottom-center,329,train
image_699,R1,700,top-to-bottom-center,556,train
image_700,R1,1100,top-to-bottom-center,179,train
image_701,R1,1100,top-to-bottom-center,297,val
image_702,R1,600,top-to-bottom-center,511,train
image_703,R1,600,top-to-bottom-center,525,train
image_704,R1,800,top-to-bottom-center,513,test_in
image_705,R1,1100,top-to-bottom-center-1,470,train
image_706,R1,1100,top-to-bottom-center,193,train
image_707,R1,1000,top-to-bottom-center,570,train
image_708,R1,1100,top-to-bottom-center-1,267,train
image_709,R1,600,top-to-bottom-center,58,val
image_710,R1,1100,top-to-bottom-center,232,test_in
image_711,R1,900,top-to-bottom-center,376,val
image_712,R1,800,top-to-bottom-center,513,test_in
image_713,R1,700,top-to-bottom-center,217,train
image_714,R1,1100,top-to-bottom-center,384,val
image_715,R1,800,top-to-bottom-center,479,train
image_716,R1,600,top-to-bottom-center,41,train
image_717,R1,900,top-to-bottom-center,234,train
image_718,R1,1000,top-to-bottom-center,173,train
image_719,R1,800,top-to-bottom-center,318,train
image_720,R1,600,top-to-bottom-center,611,val
image_721,R1,1100,top-to-bottom-center-1,425,train
image_722,R1,600,top-to-bottom-center,376,train
image_723,R1,900,top-to-bottom-center,486,val
image_724,R1,700,top-to-bottom-center,334,train
image_725,R1,900,top-to-bottom-center,332,train
image_726,R7,700,middle,512,test_out
image_727,R1,1100,top-to-bottom-center,218,train
image_728,R1,600,top-to-bottom-center,51,train
image_729,R1,1000,top-to-bottom-center,434,val
image_730,R1,1100,top-to-bottom-center,277,train
image_731,R1,1100,top-to-bottom-center-1,481,train
image_732,R1,800,top-to-bottom-center,367,train
image_733,R1,1100,top-to-bottom-center-1,493,train
image_734,R1,1000,top-to-bottom-center,550,train
image_735,R1,1000,top-to-bottom-center,209,train
image_736,R1,1100,top-to-bottom-center-1,329,train
image_737,R1,1100,top-to-bottom-center,86,val
image_738,R1,800,top-to-bottom-center,631,train
image_739,R1,600,top-to-bottom-center,356,train
image_740,R1,800,top-to-bottom-center,72,train
image_741,R1,900,top-to-bottom-center,179,val
image_742,R1,1100,top-to-bottom-center-1,174,train
image_743,R7,700,middle,1,test_out
image_744,R1,1000,top-to-bottom-center,570,train
image_745,R1,600,top-to-bottom-center,114,val
image_746,R1,1100,top-to-bottom-center-1,284,test_in
image_747,R1,600,top-to-bottom-center,222,test_in
image_748,R1,1100,top-to-bottom-center-1,169,train
image_749,R1,1100,top-to-bottom-center,191,val
image_750,R1,700,top-to-bottom-center,127,train
image_751,R1,800,top-to-bottom-center,269,train
image_752,R1,900,top-to-bottom-center,444,train
image_753,R1,1100,top-to-bottom-center-1,502,train
image_754,R1,900,top-to-bottom-center,126,train
image_755,R1,600,top-to-bottom-center,143,train
image_756,R1,700,top-to-bottom-center,225,test_in
image_757,R1,700,top-to-bottom-center,452,train
image_758,R1,600,top-to-bottom-center,611,val
image_759,R1,600,top-to-bottom-center,114,val
image_760,R1,1100,top-to-bottom-center,193,train
image_761,R1,900,top-to-bottom-center,564,train
image_762,R1,600,top-to-bottom-center,199,train
image_763,R1,900,top-to-bottom-center,192,train
image_764,R1,600,top-to-bottom-center,459,train
image_765,R1,800,top-to-bottom-center,318,train
image_766,R7,700,middle,489,test_out
image_767,R1,900,top-to-bottom-center,347,train
image_768,R1,700,top-to-bottom-center,77,train
image_769,R1,1100,top-to-bottom-center,330,train
image_770,R1,900,top-to-bottom-center,179,val
image_771,R1,700,top-to-bottom-center,618,train
image_772,R1,900,top-to-bottom-center,290,val
image_773,R1,1100,top-to-bottom-center-1,220,train
image_774,R1,600,top-to-bottom-center,79,train
image_775,R7,700,middle,100,test_out
image_776,R1,1000,top-to-bottom-center,122,train
image_777,R1,800,top-to-bottom-center,627,val
image_778,R1,1100,top-to-bottom-center-1,481,train
image_779,R1,1000,top-to-bottom-center,222,val
image_780,R1,900,top-to-bottom-center,303,test_in
image_781,R1,1100,top-to-bottom-center,342,train
image_782,R1,700,top-to-bottom-center,73,val
image_783,R1,600,top-to-bottom-center,53,train
image_784,R1,1100,top-to-bottom-center,327,train
image_785,R1,600,top-to-bottom-center,459,train
image_786,R1,1100,top-to-bottom-center,327,train
image_787,R7,700,middle,241,test_out
image_788,R1,600,top-to-bottom-center,526,train
image_789,R1,700,top-to-bottom-center,570,train
image_790,R1,800,top-to-bottom-center,561,train
image_791,R1,1100,top-to-bottom-center-1,372,train
image_792,R1,700,top-to-bottom-center,570,train
image_793,R1,1100,top-to-bottom-center-1,262,train
image_794,R1,800,top-to-bottom-center,479,train
image_795,R1,900,top-to-bottom-center,565,train
image_796,R1,700,top-to-bottom-center,621,train
image_797,R1,1000,top-to-bottom-center,570,train
image_798,R1,900,top-to-bottom-center,604,train
image_799,R1,800,top-to-bottom-center,172,val
image_800,R1,1100,top-to-bottom-center-1,521,train
image_801,R1,1100,top-to-bottom-center,262,train
image_802,R1,1000,top-to-bottom-center,173,train
image_803,R1,1100,top-to-bottom-center,145,train
image_804,R1,1000,top-to-bottom-center,260,train
image_805,R7,700,middle,566,test_out
image_806,R7,700,middle,574,test_out
image_807,R1,1100,top-to-bottom-center-1,493,train
image_808,R1,1100,top-to-bottom-center-1,470,train
image_809,R1,800,top-to-bottom-center,638,val
image_810,R1,1100,top-to-bottom-center,239,train
image_811,R1,800,top-to-bottom-center,181,train
image_812,R1,1100,top-to-bottom-center-1,338,train
image_813,R1,1100,top-to-bottom-center,370,train
image_814,R1,1000,top-to-bottom-center,458,train
image_815,R1,900,top-to-bottom-center,564,train
image_816,R1,800,top-to-bottom-center,367,train
image_817,R7,700,middle,212,test_out
image_818,R1,900,top-to-bottom-center,207,val
image_819,R1,600,top-to-bottom-center,274,val
image_820,R1,1000,top-to-bottom-center,551,val
image_821,R1,1100,top-to-bottom-center-1,169,train
image_822,R1,1000,top-to-bottom-center,549,val
image_823,R1,1100,top-to-bottom-center-1,329,train
image_824,R1,1100,top-to-bottom-center,98,train
image_825,R1,1000,top-to-bottom-center,461,train
image_826,R1,1100,top-to-bottom-center,245,train
image_827,R1,600,top-to-bottom-center,464,val
image_828,R1,1000,top-to-bottom-center,222,val
image_829,R1,1100,top-to-bottom-center-1,241,train
image_830,R1,900,top-to-bottom-center,362,train
image_831,R1,1000,top-to-bottom-center,170,train
image_832,R1,700,top-to-bottom-center,452,train
image_833,R1,600,top-to-bottom-center,222,test_in
image_834,R1,800,top-to-bottom-center,367,train
image_835,R1,1100,top-to-bottom-center,177,train
image_836,R1,600,top-to-bottom-center,0,train
image_837,R1,1000,top-to-bottom-center,570,train
image_838,R1,700,top-to-bottom-center,347,val
image_839,R1,800,top-to-bottom-center,6,train
image_840,R1,1100,top-to-bottom-center-1,149,train
image_841,R1,900,top-to-bottom-center,392,train
image_842,R1,900,top-to-bottom-center,263,train
image_843,R1,600,top-to-bottom-center,52,train
image_844,R1,1100,top-to-bottom-center,370,train
image_845,R1,600,top-to-bottom-center,511,train
image_846,R1,900,top-to-bottom-center,179,val
image_847,R1,1100,top-to-bottom-center,386,train
image_848,R1,800,top-to-bottom-center,651,train
image_849,R1,1100,top-to-bottom-center,144,test_in
image_850,R1,700,top-to-bottom-center,505,train
image_851,R1,900,top-to-bottom-center,166,train
image_852,R1,900,top-to-bottom-center,192,train
image_853,R1,1100,top-to-bottom-center-1,56,train
image_854,R1,700,top-to-bottom-center,544,train
image_855,R1,1100,top-to-bottom-center-1,169,train
image_856,R1,1000,top-to-bottom-center,209,train
image_857,R1,1100,top-to-bottom-center,147,train
image_858,R1,1100,top-to-bottom-center-1,267,train
image_859,R1,800,top-to-bottom-center,473,val
image_860,R1,900,top-to-bottom-center,234,train
image_861,R1,600,top-to-bottom-center,87,train
image_862,R1,1100,top-to-bottom-center-1,235,test_in
image_863,R1,1000,top-to-bottom-center,225,train
image_864,R1,1100,top-to-bottom-center,277,train
image_865,R1,800,top-to-bottom-center,358,train
image_866,R1,1100,top-to-bottom-center-1,372,train
image_867,R1,1100,top-to-bottom-center,342,train
image_868,R1,1100,top-to-bottom-center,302,val
image_869,R1,1000,top-to-bottom-center,180,train
image_870,R1,700,top-to-bottom-center,580,train
image_871,R1,800,top-to-bottom-center,454,train
image_872,R1,900,top-to-bottom-center,332,train
image_873,R7,700,middle,566,test_out
image_874,R1,600,top-to-bottom-center,41,train
image_875,R1,800,top-to-bottom-center,70,train
image_876,R1,1100,top-to-bottom-center-1,470,train
image_877,R1,700,top-to-bottom-center,590,train
image_878,R1,800,top-to-bottom-center,573,test_in
image_879,R1,1100,top-to-bottom-center-1,289,train
image_880,R1,1000,top-to-bottom-center,260,train
image_881,R1,600,top-to-bottom-center,631,train
image_882,R7,700,middle,122,test_out
image_883,R1,800,top-to-bottom-center,554,val
image_884,R1,600,top-to-bottom-center,201,val
image_885,R1,1100,top-to-bottom-center,302,val
image_886,R1,800,top-to-bottom-center,412,train
image_887,R7,700,middle,489,test_out
image_888,R1,800,top-to-bottom-center,540,train
image_889,R1,1100,top-to-bottom-center,43,train
image_890,R7,700,middle,503,test_out
image_891,R1,900,top-to-bottom-center,486,val
image_892,R1,700,top-to-bottom-center,621,train
image_893,R1,900,top-to-bottom-center,290,val
image_894,R1,600,top-to-bottom-center,75,train
image_895,R1,1100,top-to-bottom-center,132,train
image_896,R1,800,top-to-bottom-center,70,train
image_897,R1,700,top-to-bottom-center,570,train
image_898,R1,600,top-to-bottom-center,603,train
image_899,R1,900,top-to-bottom-center,593,train
image_900,R1,1100,top-to-bottom-center,145,train
image_901,R1,600,top-to-bottom-center,596,train
image_902,R1,600,top-to-bottom-center,659,train
image_903,R1,1100,top-to-bottom-center,167,val
image_904,R1,700,top-to-bottom-center,556,train
image_905,R1,1100,top-to-bottom-center-1,284,test_in
image_906,R1,700,top-to-bottom-center,334,train
image_907,R1,700,top-to-bottom-center,580,train
image_908,R1,1100,top-to-bottom-center,345,train
image_909,R1,1100,top-to-bottom-center,287,train
image_910,R1,700,top-to-bottom-center,618,train
image_911,R1,600,top-to-bottom-center,199,train
image_912,R1,600,top-to-bottom-center,394,train
image_913,R1,900,top-to-bottom-center,221,train
image_914,R1,700,top-to-bottom-center,334,train
image_915,R1,800,top-to-bottom-center,339,train
image_916,R1,800,top-to-bottom-center,408,train
image_917,R1,900,top-to-bottom-center,444,train
image_918,R1,1000,top-to-bottom-center,256,train
image_919,R1,700,top-to-bottom-center,263,val
image_920,R1,800,top-to-bottom-center,454,train
image_921,R1,1100,top-to-bottom-center,372,train
image_922,R1,600,top-to-bottom-center,372,train
image_923,R1,1100,top-to-bottom-center-1,262,train
image_924,R1,600,top-to-bottom-center,143,train
image_925,R1,800,top-to-bottom-center,631,train
image_926,R1,1100,top-to-bottom-center,342,train
image_927,R1,900,top-to-bottom-center,557,val
image_928,R1,600,top-to-bottom-center,432,train
image_929,R1,1100,top-to-bottom-center-1,225,val
image_930,R1,800,top-to-bottom-center,89,train
image_931,R1,700,top-to-bottom-center,580,train
image_932,R1,1100,top-to-bottom-center-1,225,val
image_933,R1,700,top-to-bottom-center,289,train
image_934,R1,1100,top-to-bottom-center-1,372,train
image_935,R1,1000,top-to-bottom-center,156,train
image_936,R1,900,top-to-bottom-center,33,test_in
image_937,R1,600,top-to-bottom-center,41,train
image_938,R1,800,top-to-bottom-center,623,train
image_939,R1,900,top-to-bottom-center,316,val
image_940,R1,600,top-to-bottom-center,152,val
image_941,R1,600,top-to-bottom-center,182,train
image_942,R1,1000,top-to-bottom-center,134,train
image_943,R1,900,top-to-bottom-center,192,train
image_944,R1,900,top-to-bottom-center,512,train
image_945,R1,600,top-to-bottom-center,36,train
image_946,R1,800,top-to-bottom-center,201,train
image_947,R1,1100,top-to-bottom-center,223,train
image_948,R1,800,top-to-bottom-center,623,train
image_949,R1,1100,top-to-bottom-center,97,train
image_950,R1,1100,top-to-bottom-center-1,425,train
image_951,R1,1100,top-to-bottom-center-1,96,train
image_952,R1,600,top-to-bottom-center,567,train
image_953,R1,1100,top-to-bottom-center,330,train
image_954,R1,800,top-to-bottom-center,540,train
image_955,R7,700,middle,100,test_out
image_956,R1,700,top-to-bottom-center,505,train
image_957,R1,1100,top-to-bottom-center-1,402,train
image_958,R1,900,top-to-bottom-center,434,train
image_959,R1,1000,top-to-bottom-center,156,train
image_960,R1,1100,top-to-bottom-center-1,397,train
image_961,R1,600,top-to-bottom-center,526,train
image_962,R1,1100,top-to-bottom-center,86,val
image_963,R1,1100,top-to-bottom-center,220,train
image_964,R1,1100,top-to-bottom-center,327,train
image_965,R1,700,top-to-bottom-center,306,train
image_966,R1,1100,top-to-bottom-center-1,56,train
image_967,R1,1100,top-to-bottom-center,262,train
image_968,R1,1000,top-to-bottom-center,434,val
image_969,R1,900,top-to-bottom-center,347,train
image_970,R1,700,top-to-bottom-center,317,train
image_971,R1,600,top-to-bottom-center,70,train
image_972,R1,600,top-to-bottom-center,104,train
image_973,R1,900,top-to-bottom-center,234,train
image_974,R1,1100,top-to-bottom-center,356,train
image_975,R1,1000,top-to-bottom-center,551,val
image_976,R1,800,top-to-bottom-center,454,train
image_977,R1,1100,top-to-bottom-center-1,225,val
image_978,R1,900,top-to-bottom-center,362,train
image_979,R1,700,top-to-bottom-center,44,train
image_980,R7,700,middle,566,test_out
image_981,R1,900,top-to-bottom-center,207,val
image_982,R7,700,middle,503,test_out
image_983,R1,1100,top-to-bottom-center,264,train
image_984,R1,1100,top-to-bottom-center,308,test_in
image_985,R1,1100,top-to-bottom-center,281,train
image_986,R1,900,top-to-bottom-center,33,test_in
image_987,R1,1100,top-to-bottom-center-1,481,train
image_988,R1,800,top-to-bottom-center,492,train
image_989,R1,700,top-to-bottom-center,77,train
image_990,R1,600,top-to-bottom-center,274,val
image_991,R1,700,top-to-bottom-center,505,train
image_992,R1,900,top-to-bottom-center,332,train
image_993,R1,900,top-to-bottom-center,316,val
image_994,R1,800,top-to-bottom-center,623,train
image_995,R1,900,top-to-bottom-center,288,train
image_996,R1,1100,top-to-bottom-center,193,train
image_997,R1,1100,top-to-bottom-center-1,493,train
image_998,R1,1000,top-to-bottom-center,434,val
image_999,R1,1000,top-to-bottom-center,287,train
image_1000,R7,700,middle,574,test_out
image_1001,R1,1100,top-to-bottom-center-1,521,train
image_1002,R1,1000,top-to-bottom-center,173,train
image_1003,R7,700,middle,512,test_out
image_1004,R1,800,top-to-bottom-center,408,train
image_1005,R1,800,top-to-bottom-center,492,train
image_1006,R1,600,top-to-bottom-center,0,train
image_1007,R1,600,top-to-bottom-center,408,train
image_1008,R1,1100,top-to-bottom-center-1,342,train
image_1009,R1,800,top-to-bottom-center,608,train
image_1010,R1,1100,top-to-bottom-center,239,train
image_1011,R1,1100,top-to-bottom-center,124,train
image_1012,R7,700,middle,221,test_out
image_1013,R1,600,top-to-bottom-center,58,val
image_1014,R1,1100,top-to-bottom-center,205,val
image_1015,R1,800,top-to-bottom-center,80,train
image_1016,R1,900,top-to-bottom-center,210,train
image_1017,R1,1100,top-to-bottom-center-1,289,train
image_1018,R1,1100,top-to-bottom-center-1,225,val
image_1019,R1,600,top-to-bottom-center,372,train
image_1020,R1,1000,top-to-bottom-center,287,train
image_1021,R1,1100,top-to-bottom-center,191,val
image_1022,R1,900,top-to-bottom-center,362,train
image_1023,R1,1100,top-to-bottom-center-1,488,train
image_1024,R1,800,top-to-bottom-center,316,train
image_1025,R1,1000,top-to-bottom-center,458,train
image_1026,R1,700,top-to-bottom-center,270,train
image_1027,R7,700,middle,566,test_out
image_1028,R1,1100,top-to-bottom-center,109,val
image_1029,R1,800,top-to-bottom-center,499,train
image_1030,R1,1000,top-to-bottom-center,594,train
image_1031,R1,900,top-to-bottom-center,418,train
image_1032,R1,1000,top-to-bottom-center,245,train
image_1033,R1,1100,top-to-bottom-center-1,205,val
image_1034,R1,1100,top-to-bottom-center,253,train
image_1035,R1,700,top-to-bottom-center,426,train
image_1036,R1,900,top-to-bottom-center,275,train
image_1037,R1,600,top-to-bottom-center,408,train
image_1038,R1,1100,top-to-bottom-center-1,372,train
image_1039,R1,1100,top-to-bottom-center-1,280,val
image_1040,R1,1100,top-to-bottom-center,179,train
image_1041,R1,1100,top-to-bottom-center,97,train
image_1042,R1,1100,top-to-bottom-center,175,val
image_1043,R1,800,top-to-bottom-center,641,train
image_1044,R1,1100,top-to-bottom-center,232,test_in
image_1045,R1,1000,top-to-bottom-center,338,train
image_1046,R1,800,top-to-bottom-center,413,train
image_1047,R1,900,top-to-bottom-center,444,train
image_1048,R1,800,top-to-bottom-center,492,train
image_1049,R1,1100,top-to-bottom-center-1,174,train
image_1050,R1,600,top-to-bottom-center,586,train
image_1051,R1,1000,top-to-bottom-center,585,train
image_1052,R1,700,top-to-bottom-center,184,train
image_1053,R1,700,top-to-bottom-center,321,train
image_1054,R1,600,top-to-bottom-center,622,train
image_1055,R1,600,top-to-bottom-center,143,train
image_1056,R1,600,top-to-bottom-center,486,test_in
image_1057,R1,700,top-to-bottom-center,6,val
image_1058,R1,1000,top-to-bottom-center,384,train
image_1059,R1,700,top-to-bottom-center,347,val
image_1060,R1,1100,top-to-bottom-center,145,train
image_1061,R1,600,top-to-bottom-center,596,train
image_1062,R1,1000,top-to-bottom-center,173,train
image_1063,R1,1100,top-to-bottom-center-1,468,val
image_1064,R1,1100,top-to-bottom-center,330,train
image_1065,R1,800,top-to-bottom-center,651,train
image_1066,R1,600,top-to-bottom-center,594,train
image_1067,R1,600,top-to-bottom-center,53,train
image_1068,R1,800,top-to-bottom-center,526,val
image_1069,R1,700,top-to-bottom-center,597,train
image_1070,R1,700,top-to-bottom-center,570,train
image_1071,R1,1100,top-to-bottom-center,262,train
image_1072,R1,800,top-to-bottom-center,412,train
image_1073,R1,1100,top-to-bottom-center,277,train
image_1074,R1,1000,top-to-bottom-center,287,train
image_1075,R1,800,top-to-bottom-center,392,test_in
image_1076,R1,1100,top-to-bottom-center-1,447,train
image_1077,R1,800,top-to-bottom-center,413,train
image_1078,R1,1000,top-to-bottom-center,338,train
image_1079,R1,1000,top-to-bottom-center,222,val
image_1080,R1,600,top-to-bottom-center,596,train
image_1081,R1,600,top-to-bottom-center,659,train
image_1082,R1,1100,top-to-bottom-center,175,val
image_1083,R1,800,top-to-bottom-center,304,test_in
image_1084,R1,600,top-to-bottom-center,372,train
image_1085,R1,700,top-to-bottom-center,661,train
image_1086,R7,700,middle,520,test_out
image_1087,R1,600,top-to-bottom-center,408,train
image_1088,R1,1000,top-to-bottom-center,225,train
image_1089,R1,900,top-to-bottom-center,290,val
image_1090,R1,800,top-to-bottom-center,6,train
image_1091,R1,1100,top-to-bottom-center,327,train
image_1092,R1,1000,top-to-bottom-center,461,train
image_1093,R1,600,top-to-bottom-center,418,train
image_1094,R1,1000,top-to-bottom-center,461,train
image_1095,R1,700,top-to-bottom-center,143,train
image_1096,R1,900,top-to-bottom-center,362,train
image_1097,R1,800,top-to-bottom-center,316,train
image_1098,R1,600,top-to-bottom-center,75,train
image_1099,R1,900,top-to-bottom-center,512,train
image_1100,R1,1000,top-to-bottom-center,550,train
image_1101,R1,900,top-to-bottom-center,486,val
image_1102,R1,900,top-to-bottom-center,493,train
image_1103,R1,1100,top-to-bottom-center,98,train
image_1104,R1,600,top-to-bottom-center,61,train
image_1105,R1,1100,top-to-bottom-center,239,train
image_1106,R1,1100,top-to-bottom-center,245,train
image_1107,R1,1100,top-to-bottom-center,262,train
image_1108,R1,1100,top-to-bottom-center,220,train
image_1109,R1,700,top-to-bottom-center,572,val
image_1110,R1,600,top-to-bottom-center,36,train
image_1111,R1,600,top-to-bottom-center,376,train
image_1112,R1,1100,top-to-bottom-center,342,train
image_1113,R7,700,middle,100,test_out
image_1114,R1,800,top-to-bottom-center,473,val
image_1115,R1,700,top-to-bottom-center,321,train
image_1116,R1,1100,top-to-bottom-center,356,train
image_1117,R7,700,middle,1,test_out
image_1118,R1,1100,top-to-bottom-center,277,train
image_1119,R1,600,top-to-bottom-center,457,train
image_1120,R1,900,top-to-bottom-center,194,train
image_1121,R1,700,top-to-bottom-center,321,train
image_1122,R1,1100,top-to-bottom-center,370,train
image_1123,R1,600,top-to-bottom-center,594,train
image_1124,R1,1100,top-to-bottom-center,281,train
image_1125,R1,1100,top-to-bottom-center-1,372,train
image_1126,R1,700,top-to-bottom-center,452,train
image_1127,R1,800,top-to-bottom-center,561,train
image_1128,R1,1100,top-to-bottom-center,361,train
image_1129,R7,700,middle,122,test_out
image_1130,R1,700,top-to-bottom-center,556,train
image_1131,R1,1000,top-to-bottom-center,170,train
image_1132,R1,700,top-to-bottom-center,364,val
image_1133,R1,600,top-to-bottom-center,201,val
image_1134,R1,1000,top-to-bottom-center,585,train
image_1135,R1,1000,top-to-bottom-center,570,train
image_1136,R1,1100,top-to-bottom-center,370,train
image_1137,R1,800,top-to-bottom-center,367,train
image_1138,R1,800,top-to-bottom-center,554,val
image_1139,R7,700,middle,512,test_out
image_1140,R1,1100,top-to-bottom-center,281,train
image_1141,R1,1100,top-to-bottom-center,361,train
image_1142,R1,1100,top-to-bottom-center-1,387,train
image_1143,R1,700,top-to-bottom-center,648,train
image_1144,R1,1100,top-to-bottom-center,245,train
image_1145,R1,600,top-to-bottom-center,387,test_in
image_1146,R1,1100,top-to-bottom-center,254,train
image_1147,R1,1100,top-to-bottom-center-1,250,train
image_1148,R1,1100,top-to-bottom-center,297,val
image_1149,R1,1100,top-to-bottom-center-1,338,train
image_1150,R1,1100,top-to-bottom-center-1,502,train
image_1151,R1,900,top-to-bottom-center,207,val
image_1152,R1,700,top-to-bottom-center,279,train
image_1153,R1,1100,top-to-bottom-center,223,train
image_1154,R1,900,top-to-bottom-center,392,train
image_1155,R1,800,top-to-bottom-center,641,train
image_1156,R1,800,top-to-bottom-center,561,train
image_1157,R1,1100,top-to-bottom-center,218,train
image_1158,R1,600,top-to-bottom-center,174,train
image_1159,R1,1100,top-to-bottom-center-1,488,train
image_1160,R1,1100,top-to-bottom-center,77,train
image_1161,R1,1100,top-to-bottom-center-1,468,val
image_1162,R1,600,top-to-bottom-center,165,train
image_1163,R1,1100,top-to-bottom-center-1,493,train
image_1164,R1,800,top-to-bottom-center,339,train
image_1165,R7,700,middle,122,test_out
image_1166,R1,1100,top-to-bottom-center-1,96,train
image_1167,R1,1100,top-to-bottom-center,297,val
image_1168,R1,1100,top-to-bottom-center-1,267,train
image_1169,R1,600,top-to-bottom-center,603,train
image_1170,R1,1100,top-to-bottom-center,302,val
image_1171,R1,1100,top-to-bottom-center,223,train
image_1172,R1,600,top-to-bottom-center,201,val
image_1173,R1,1100,top-to-bottom-center,370,train
image_1174,R1,600,top-to-bottom-center,279,train
image_1175,R1,1100,top-to-bottom-center-1,481,train
image_1176,R1,700,top-to-bottom-center,321,train
image_1177,R1,1100,top-to-bottom-center-1,267,train
image_1178,R1,1000,top-to-bottom-center,434,val
image_1179,R1,1100,top-to-bottom-center,128,train
image_1180,R1,600,top-to-bottom-center,387,test_in
image_1181,R1,1100,top-to-bottom-center-1,470,train
image_1182,R1,700,top-to-bottom-center,6,val
image_1183,R1,1100,top-to-bottom-center,132,train
image_1184,R1,600,top-to-bottom-center,174,train
image_1185,R7,700,middle,574,test_out
image_1186,R1,1100,top-to-bottom-center-1,425,train
image_1187,R1,900,top-to-bottom-center,434,train
image_1188,R1,600,top-to-bottom-center,394,train
image_1189,R1,1000,top-to-bottom-center,260,train
image_1190,R1,700,top-to-bottom-center,218,test_in
image_1191,R1,800,top-to-bottom-center,304,test_in
image_1192,R7,700,middle,500,test_out
image_1193,R1,1100,top-to-bottom-center-1,329,train
image_1194,R1,1000,top-to-bottom-center,395,train
image_1195,R1,800,top-to-bottom-center,479,train
image_1196,R1,900,top-to-bottom-center,221,train
image_1197,R1,1100,top-to-bottom-center-1,387,train
image_1198,R1,800,top-to-bottom-center,513,test_in
image_1199,R1,1100,top-to-bottom-center,264,train
image_1200,R1,600,top-to-bottom-center,387,test_in
image_1201,R1,800,top-to-bottom-center,651,train
image_1202,R1,1000,top-to-bottom-center,222,val
image_1203,R1,800,top-to-bottom-center,60,train
image_1204,R1,800,top-to-bottom-center,358,train
image_1205,R1,700,top-to-bottom-center,218,test_in
image_1206,R1,1100,top-to-bottom-center,254,train
image_1207,R1,1100,top-to-bottom-center,277,train
image_1208,R1,900,top-to-bottom-center,192,train
image_1209,R1,900,top-to-bottom-center,251,train
image_1210,R1,1000,top-to-bottom-center,260,train
image_1211,R1,800,top-to-bottom-center,316,train
image_1212,R1,1100,top-to-bottom-center,98,train
image_1213,R1,600,top-to-bottom-center,594,train
image_1214,R1,800,top-to-bottom-center,627,val
image_1215,R1,700,top-to-bottom-center,556,train
image_1216,R1,1100,top-to-bottom-center,147,train
image_1217,R1,800,top-to-bottom-center,513,test_in
image_1218,R1,600,top-to-bottom-center,596,train
image_1219,R1,900,top-to-bottom-center,275,train
image_1220,R1,800,top-to-bottom-center,631,train
image_1221,R1,900,top-to-bottom-center,512,train
image_1222,R1,1000,top-to-bottom-center,551,val
image_1223,R1,800,top-to-bottom-center,526,val
image_1224,R1,1100,top-to-bottom-center-1,315,val
image_1225,R1,900,top-to-bottom-center,166,train
image_1226,R1,1000,top-to-bottom-center,156,train
image_1227,R1,1000,top-to-bottom-center,487,train
image_1228,R1,700,top-to-bottom-center,321,train
image_1229,R1,1100,top-to-bottom-center,123,train
image_1230,R1,1100,top-to-bottom-center,254,train
image_1231,R1,900,top-to-bottom-center,493,train
image_1232,R1,700,top-to-bottom-center,587,val
image_1233,R1,900,top-to-bottom-center,362,train
image_1234,R1,1100,top-to-bottom-center,327,train
image_1235,R1,600,top-to-bottom-center,237,train
image_1236,R1,600,top-to-bottom-center,165,train
image_1237,R1,900,top-to-bottom-center,33,test_in
image_1238,R1,1100,top-to-bottom-center,297,val
image_1239,R1,600,top-to-bottom-center,165,train
image_1240,R1,1100,top-to-bottom-center,253,train
image_1241,R7,700,middle,520,test_out
image_1242,R1,1000,top-to-bottom-center,225,train
image_1243,R1,1000,top-to-bottom-center,180,train
image_1244,R1,700,top-to-bottom-center,6,val
image_1245,R1,700,top-to-bottom-center,77,train
image_1246,R1,900,top-to-bottom-center,362,train
image_1247,R1,1100,top-to-bottom-center,308,test_in
image_1248,R1,600,top-to-bottom-center,477,val
image_1249,R1,1000,top-to-bottom-center,550,train
image_1250,R7,700,middle,354,test_out
image_1251,R1,1100,top-to-bottom-center,287,train
image_1252,R1,1000,top-to-bottom-center,173,train
image_1253,R1,1100,top-to-bottom-center-1,235,test_in
image_1254,R1,1100,top-to-bottom-center,286,train
image_1255,R1,1100,top-to-bottom-center-1,205,val
image_1256,R1,1000,top-to-bottom-center,594,train
image_1257,R1,1100,top-to-bottom-center,0,train
image_1258,R1,1000,top-to-bottom-center,570,train
image_1259,R1,700,top-to-bottom-center,597,train
image_1260,R7,700,middle,512,test_out
image_1261,R1,1100,top-to-bottom-center,86,val
image_1262,R1,800,top-to-bottom-center,499,train
image_1263,R1,700,top-to-bottom-center,618,train
image_1264,R1,1100,top-to-bottom-center-1,493,train
image_1265,R1,1100,top-to-bottom-center,254,train
image_1266,R1,700,top-to-bottom-center,334,train
image_1267,R1,1100,top-to-bottom-center,302,val
image_1268,R1,1100,top-to-bottom-center-1,235,test_in
image_1269,R1,1100,top-to-bottom-center-1,250,train
image_1270,R1,700,top-to-bottom-center,580,train
image_1271,R1,600,top-to-bottom-center,63,val
image_1272,R1,800,top-to-bottom-center,623,train
image_1273,R1,1100,top-to-bottom-center-1,56,train
image_1274,R1,800,top-to-bottom-center,439,train
image_1275,R1,600,top-to-bottom-center,412,val
image_1276,R1,700,top-to-bottom-center,198,train
image_1277,R1,700,top-to-bottom-center,673,train
image_1278,R1,1100,top-to-bottom-center-1,250,train
image_1279,R1,800,top-to-bottom-center,408,train
image_1280,R1,800,top-to-bottom-center,513,test_in
image_1281,R1,800,top-to-bottom-center,479,train
image_1282,R1,1100,top-to-bottom-center-1,267,train
image_1283,R1,1000,top-to-bottom-center,338,train
image_1284,R1,900,top-to-bottom-center,611,train
image_1285,R1,1100,top-to-bottom-center-1,280,val
image_1286,R1,1000,top-to-bottom-center,156,train
image_1287,R1,900,top-to-bottom-center,565,train
image_1288,R1,600,top-to-bottom-center,569,val
image_1289,R1,1100,top-to-bottom-center-1,468,val
image_1290,R1,800,top-to-bottom-center,412,train
image_1291,R1,600,top-to-bottom-center,203,train
image_1292,R1,1100,top-to-bottom-center-1,241,train
image_1293,R1,1100,top-to-bottom-center-1,262,train
image_1294,R1,800,top-to-bottom-center,638,val
image_1295,R1,700,top-to-bottom-center,426,train
image_1296,R1,600,top-to-bottom-center,418,train
image_1297,R1,1100,top-to-bottom-center-1,96,train
image_1298,R1,1100,top-to-bottom-center,330,train
image_1299,R1,600,top-to-bottom-center,0,train
image_1300,R1,1100,top-to-bottom-center,223,train
image_1301,R1,900,top-to-bottom-center,593,train
image_1302,R1,1100,top-to-bottom-center,345,train
image_1303,R1,600,top-to-bottom-center,376,train
image_1304,R7,700,middle,503,test_out
image_1305,R1,800,top-to-bottom-center,358,train
image_1306,R1,700,top-to-bottom-center,44,train
image_1307,R1,700,top-to-bottom-center,387,train
image_1308,R1,1100,top-to-bottom-center-1,120,train
image_1309,R1,900,top-to-bottom-center,210,train
image_1310,R1,900,top-to-bottom-center,166,train
image_1311,R1,600,top-to-bottom-center,631,train
image_1312,R1,800,top-to-bottom-center,623,train
image_1313,R1,600,top-to-bottom-center,79,train
image_1314,R1,600,top-to-bottom-center,394,train
image_1315,R1,900,top-to-bottom-center,564,train
image_1316,R1,700,top-to-bottom-center,621,train
image_1317,R1,800,top-to-bottom-center,339,train
image_1318,R1,1100,top-to-bottom-center,386,train
image_1319,R1,700,top-to-bottom-center,329,train
image_1320,R1,1100,top-to-bottom-center-1,174,train
image_1321,R1,1100,top-to-bottom-center,167,val
image_1322,R1,900,top-to-bottom-center,179,val
image_1323,R1,1100,top-to-bottom-center,223,train
image_1324,R1,800,top-to-bottom-center,608,train
image_1325,R1,600,top-to-bottom-center,201,val
image_1326,R1,1100,top-to-bottom-center,77,train
image_1327,R1,1000,top-to-bottom-center,570,train
image_1328,R1,1100,top-to-bottom-center,43,train
image_1329,R1,800,top-to-bottom-center,561,train
image_1330,R1,900,top-to-bottom-center,37,val
image_1331,R1,1100,top-to-bottom-center,43,train
image_1332,R1,600,top-to-bottom-center,408,train
image_1333,R1,800,top-to-bottom-center,181,train
image_1334,R1,800,top-to-bottom-center,304,test_in
image_1335,R1,1100,top-to-bottom-center-1,447,train
image_1336,R1,1100,top-to-bottom-center,128,train
image_1337,R1,600,top-to-bottom-center,511,train
image_1338,R1,900,top-to-bottom-center,179,val
image_1339,R1,900,top-to-bottom-center,37,val
image_1340,R1,800,top-to-bottom-center,255,train
image_1341,R1,900,top-to-bottom-center,434,train
image_1342,R1,900,top-to-bottom-center,593,train
image_1343,R1,1100,top-to-bottom-center-1,225,val
image_1344,R1,600,top-to-bottom-center,394,train
image_1345,R1,1100,top-to-bottom-center,356,train
image_1346,R1,1000,top-to-bottom-center,209,train
image_1347,R1,800,top-to-bottom-center,367,train
image_1348,R1,1000,top-to-bottom-center,395,train
image_1349,R1,700,top-to-bottom-center,306,train
image_1350,R1,800,top-to-bottom-center,105,train
image_1351,R1,700,top-to-bottom-center,312,train
image_1352,R1,1100,top-to-bottom-center,232,test_in
image_1353,R1,600,top-to-bottom-center,372,train
image_1354,R1,900,top-to-bottom-center,611,train
image_1355,R1,700,top-to-bottom-center,452,train
image_1356,R7,700,middle,581,test_out
image_1357,R1,700,top-to-bottom-center,279,train
image_1358,R1,700,top-to-bottom-center,572,val
image_1359,R1,1000,top-to-bottom-center,245,train
image_1360,R1,700,top-to-bottom-center,621,train
image_1361,R1,600,top-to-bottom-center,412,val
image_1362,R1,600,top-to-bottom-center,569,val
image_1363,R1,1100,top-to-bottom-center,245,train
image_1364,R1,1100,top-to-bottom-center,372,train
image_1365,R1,700,top-to-bottom-center,621,train
image_1366,R1,900,top-to-bottom-center,332,train
image_1367,R1,1000,top-to-bottom-center,173,train
image_1368,R1,1000,top-to-bottom-center,225,train
image_1369,R7,700,middle,574,test_out
image_1370,R1,600,top-to-bottom-center,631,train
image_1371,R1,1100,top-to-bottom-center-1,425,train
image_1372,R1,600,top-to-bottom-center,52,train
image_1373,R1,800,top-to-bottom-center,70,train
image_1374,R1,1100,top-to-bottom-center,254,train
image_1375,R1,1100,top-to-bottom-center,361,train
image_1376,R1,700,top-to-bottom-center,570,train
image_1377,R1,700,top-to-bottom-center,572,val
image_1378,R1,700,top-to-bottom-center,452,train
image_1379,R1,700,top-to-bottom-center,597,train
image_1380,R1,1100,top-to-bottom-center,264,train
image_1381,R1,1100,top-to-bottom-center,205,val
image_1382,R1,800,top-to-bottom-center,454,train
image_1383,R1,700,top-to-bottom-center,127,train
image_1384,R1,800,top-to-bottom-center,454,train
image_1385,R1,1100,top-to-bottom-center,124,train
image_1386,R1,1100,top-to-bottom-center,109,val
image_1387,R1,1000,top-to-bottom-center,245,train
image_1388,R1,600,top-to-bottom-center,376,train
image_1389,R1,1100,top-to-bottom-center,245,train
image_1390,R1,700,top-to-bottom-center,218,test_in
image_1391,R1,700,top-to-bottom-center,661,train
image_1392,R1,700,top-to-bottom-center,217,train
image_1393,R1,1100,top-to-bottom-center,253,train
image_1394,R1,700,top-to-bottom-center,217,train
image_1395,R1,1100,top-to-bottom-center,147,train
image_1396,R1,800,top-to-bottom-center,318,train
image_1397,R1,1000,top-to-bottom-center,225,train
image_1398,R7,700,middle,500,test_out
image_1399,R1,1100,top-to-bottom-center-1,470,train
image_1400,R1,1000,top-to-bottom-center,434,val
image_1401,R1,1100,top-to-bottom-center-1,447,train
image_1402,R1,1100,top-to-bottom-center,132,train
image_1403,R7,700,middle,221,test_out
image_1404,R1,600,top-to-bottom-center,432,train
image_1405,R1,1100,top-to-bottom-center,253,train
image_1406,R1,600,top-to-bottom-center,140,train
image_1407,R1,900,top-to-bottom-center,288,train
image_1408,R1,1100,top-to-bottom-center-1,289,train
image_1409,R7,700,middle,503,test_out
image_1410,R1,600,top-to-bottom-center,459,train
image_1411,R1,900,top-to-bottom-center,303,test_in
image_1412,R1,700,top-to-bottom-center,289,train
image_1413,R1,800,top-to-bottom-center,89,train
image_1414,R1,1100,top-to-bottom-center,109,val
image_1415,R1,700,top-to-bottom-center,673,train
image_1416,R1,800,top-to-bottom-center,72,train
image_1417,R1,800,top-to-bottom-center,439,train
image_1418,R1,1100,top-to-bottom-center-1,190,val
image_1419,R1,700,top-to-bottom-center,260,train
image_1420,R1,1000,top-to-bottom-center,461,train
image_1421,R1,900,top-to-bottom-center,192,train
image_1422,R1,600,top-to-bottom-center,412,val
image_1423,R1,900,top-to-bottom-center,557,val
image_1424,R1,800,top-to-bottom-center,408,train
image_1425,R1,700,top-to-bottom-center,189,val
image_1426,R1,700,top-to-bottom-center,661,train
image_1427,R1,600,top-to-bottom-center,457,train
image_1428,R1,700,top-to-bottom-center,254,train
image_1429,R1,1000,top-to-bottom-center,245,train
image_1430,R1,1100,top-to-bottom-center-1,220,train
image_1431,R1,1000,top-to-bottom-center,594,train
image_1432,R1,900,top-to-bottom-center,234,train
image_1433,R1,1000,top-to-bottom-center,96,val
image_1434,R1,1100,top-to-bottom-center,384,val
image_1435,R1,800,top-to-bottom-center,60,train
image_1436,R7,700,middle,120,test_out
image_1437,R1,600,top-to-bottom-center,569,val
image_1438,R1,600,top-to-bottom-center,387,test_in
image_1439,R1,700,top-to-bottom-center,242,train
image_1440,R1,800,top-to-bottom-center,454,train
image_1441,R1,1100,top-to-bottom-center,239,train
image_1442,R1,1100,top-to-bottom-center-1,169,train
image_1443,R1,1100,top-to-bottom-center-1,470,train
image_1444,R1,700,top-to-bottom-center,334,train
image_1445,R1,800,top-to-bottom-center,554,val
image_1446,R7,700,middle,503,test_out
image_1447,R1,600,top-to-bottom-center,140,train
image_1448,R1,1100,top-to-bottom-center-1,397,train
image_1449,R1,600,top-to-bottom-center,356,train
image_1450,R1,600,top-to-bottom-center,603,train
image_1451,R1,700,top-to-bottom-center,648,train
image_1452,R1,800,top-to-bottom-center,499,train
image_1453,R1,800,top-to-bottom-center,627,val
image_1454,R1,900,top-to-bottom-center,347,train
image_1455,R1,1100,top-to-bottom-center,43,train
image_1456,R1,900,top-to-bottom-center,444,train
image_1457,R1,900,top-to-bottom-center,288,train
image_1458,R1,800,top-to-bottom-center,513,test_in
image_1459,R1,1100,top-to-bottom-center-1,161,train
image_1460,R1,1100,top-to-bottom-center,345,train
image_1461,R1,900,top-to-bottom-center,376,val
image_1462,R1,700,top-to-bottom-center,321,train
image_1463,R1,1100,top-to-bottom-center-1,329,train
image_1464,R1,1100,top-to-bottom-center-1,468,val
image_1465,R1,900,top-to-bottom-center,10,train
image_1466,R1,1100,top-to-bottom-center,264,train
image_1467,R1,1000,top-to-bottom-center,8,val
image_1468,R1,900,top-to-bottom-center,303,test_in
image_1469,R1,1000,top-to-bottom-center,487,train
image_1470,R1,700,top-to-bottom-center,321,train
image_1471,R1,700,top-to-bottom-center,590,train
image_1472,R1,1100,top-to-bottom-center-1,161,train
image_1473,R1,800,top-to-bottom-center,540,train
image_1474,R1,600,top-to-bottom-center,596,train
image_1475,R1,600,top-to-bottom-center,432,train
image_1476,R1,1100,top-to-bottom-center,109,val
image_1477,R1,1100,top-to-bottom-center,361,train
image_1478,R1,1100,top-to-bottom-center,145,train
image_1479,R1,600,top-to-bottom-center,622,train
image_1480,R1,900,top-to-bottom-center,332,train
image_1481,R1,600,top-to-bottom-center,611,val
image_1482,R1,700,top-to-bottom-center,587,val
image_1483,R1,800,top-to-bottom-center,554,val
image_1484,R1,1100,top-to-bottom-center-1,120,train
image_1485,R7,700,middle,221,test_out
image_1486,R1,1100,top-to-bottom-center,264,train
image_1487,R1,600,top-to-bottom-center,553,train
image_1488,R1,700,top-to-bottom-center,621,train
image_1489,R1,900,top-to-bottom-center,221,train
image_1490,R1,1000,top-to-bottom-center,487,train
image_1491,R1,900,top-to-bottom-center,263,train
image_1492,R1,1000,top-to-bottom-center,569,val
image_1493,R1,1100,top-to-bottom-center,132,train
image_1494,R1,600,top-to-bottom-center,63,val
image_1495,R1,700,top-to-bottom-center,426,train
image_1496,R1,800,top-to-bottom-center,80,train
image_1497,R1,1000,top-to-bottom-center,170,train
image_1498,R1,800,top-to-bottom-center,627,val
image_1499,R1,600,top-to-bottom-center,140,train
image_1500,R1,800,top-to-bottom-center,554,val
image_1501,R1,1100,top-to-bottom-center-1,56,train
image_1502,R1,800,top-to-bottom-center,318,train
image_1503,R1,900,top-to-bottom-center,444,train
image_1504,R1,900,top-to-bottom-center,221,train
image_1505,R7,700,middle,581,test_out
image_1506,R1,1100,top-to-bottom-center,384,val
image_1507,R1,1100,top-to-bottom-center,161,val
image_1508,R1,700,top-to-bottom-center,44,train
image_1509,R1,600,top-to-bottom-center,356,train
image_1510,R1,900,top-to-bottom-center,347,train
image_1511,R1,1100,top-to-bottom-center,302,val
image_1512,R1,1100,top-to-bottom-center,77,train
image_1513,R1,700,top-to-bottom-center,373,test_in
image_1514,R1,700,top-to-bottom-center,364,val
image_1515,R1,900,top-to-bottom-center,210,train
image_1516,R1,1100,top-to-bottom-center,342,train
image_1517,R1,1000,top-to-bottom-center,134,train
image_1518,R1,1100,top-to-bottom-center,386,train
image_1519,R1,700,top-to-bottom-center,306,train
image_1520,R1,700,top-to-bottom-center,387,train
image_1521,R7,700,middle,343,test_out
image_1522,R1,800,top-to-bottom-center,439,train
image_1523,R1,900,top-to-bottom-center,290,val
image_1524,R1,1000,top-to-bottom-center,180,train
image_1525,R1,1100,top-to-bottom-center-1,220,train
image_1526,R1,800,top-to-bottom-center,473,val
image_1527,R1,900,top-to-bottom-center,207,val
image_1528,R1,600,top-to-bottom-center,622,train
image_1529,R1,800,top-to-bottom-center,358,train
image_1530,R1,700,top-to-bottom-center,279,train
image_1531,R7,700,middle,208,test_out
image_1532,R1,800,top-to-bottom-center,651,train
image_1533,R1,600,top-to-bottom-center,408,train
image_1534,R1,900,top-to-bottom-center,405,train
image_1535,R1,600,top-to-bottom-center,53,train
image_1536,R1,700,top-to-bottom-center,590,train
image_1537,R1,600,top-to-bottom-center,311,train
image_1538,R1,1100,top-to-bottom-center-1,342,train
image_1539,R1,900,top-to-bottom-center,288,train
image_1540,R1,1100,top-to-bottom-center,330,train
image_1541,R1,1000,top-to-bottom-center,461,train
image_1542,R7,700,middle,512,test_out
image_1543,R7,700,middle,553,test_out
image_1544,R1,600,top-to-bottom-center,376,train
image_1545,R1,1100,top-to-bottom-center-1,329,train
image_1546,R1,700,top-to-bottom-center,329,train
image_1547,R1,600,top-to-bottom-center,659,train
image_1548,R1,1100,top-to-bottom-center,177,train
image_1549,R1,800,top-to-bottom-center,367,train
image_1550,R1,600,top-to-bottom-center,394,train
image_1551,R1,600,top-to-bottom-center,372,train
image_1552,R1,900,top-to-bottom-center,565,train
image_1553,R1,800,top-to-bottom-center,526,val
image_1554,R1,1100,top-to-bottom-center,175,val
image_1555,R1,1100,top-to-bottom-center,218,train
image_1556,R1,800,top-to-bottom-center,439,train
image_1557,R1,900,top-to-bottom-center,418,train
image_1558,R1,900,top-to-bottom-center,564,train
image_1559,R1,800,top-to-bottom-center,492,train
image_1560,R1,800,top-to-bottom-center,608,train
image_1561,R1,1000,top-to-bottom-center,287,train
image_1562,R1,600,top-to-bottom-center,52,train
image_1563,R1,1100,top-to-bottom-center-1,397,train
image_1564,R1,900,top-to-bottom-center,10,train
image_1565,R1,800,top-to-bottom-center,412,train
image_1566,R1,600,top-to-bottom-center,586,train
image_1567,R1,1100,top-to-bottom-center,109,val
image_1568,R1,1100,top-to-bottom-center-1,402,train
image_1569,R1,900,top-to-bottom-center,332,train
image_1570,R1,800,top-to-bottom-center,641,train
image_1571,R1,1100,top-to-bottom-center,262,train
image_1572,R1,800,top-to-bottom-center,627,val
image_1573,R1,1100,top-to-bottom-center,123,train
image_1574,R1,1100,top-to-bottom-center,308,test_in
image_1575,R7,700,middle,566,test_out
image_1576,R1,1100,top-to-bottom-center-1,280,val
image_1577,R1,1100,top-to-bottom-center,330,train
image_1578,R1,600,top-to-bottom-center,594,train
image_1579,R1,1000,top-to-bottom-center,209,train
image_1580,R1,900,top-to-bottom-center,405,train
image_1581,R1,1100,top-to-bottom-center-1,493,train
image_1582,R1,800,top-to-bottom-center,288,val
image_1583,R1,600,top-to-bottom-center,412,val
image_1584,R1,800,top-to-bottom-center,631,train
image_1585,R1,600,top-to-bottom-center,152,val
image_1586,R1,1100,top-to-bottom-center-1,425,train
image_1587,R1,800,top-to-bottom-center,86,train
image_1588,R1,1100,top-to-bottom-center,123,train
image_1589,R1,900,top-to-bottom-center,234,train
image_1590,R1,1100,top-to-bottom-center-1,447,train
image_1591,R1,1100,top-to-bottom-center,281,train
image_1592,R1,1100,top-to-bottom-center,218,train
image_1593,R1,1000,top-to-bottom-center,287,train
image_1594,R1,600,top-to-bottom-center,394,train
image_1595,R1,700,top-to-bottom-center,590,train
image_1596,R1,800,top-to-bottom-center,526,val
image_1597,R1,700,top-to-bottom-center,426,train
image_1598,R1,1100,top-to-bottom-center,372,train
image_1599,R1,800,top-to-bottom-center,269,train
image_1600,R1,700,top-to-bottom-center,312,train
image_1601,R1,800,top-to-bottom-center,412,train
image_1602,R7,700,middle,520,test_out
image_1603,R7,700,middle,212,test_out
image_1604,R1,1100,top-to-bottom-center-1,329,train
image_1605,R1,1100,top-to-bottom-center-1,96,train
image_1606,R1,1100,top-to-bottom-center,361,train
image_1607,R1,1100,top-to-bottom-center-1,502,train
image_1608,R1,900,top-to-bottom-center,392,train
image_1609,R1,800,top-to-bottom-center,641,train
image_1610,R1,800,top-to-bottom-center,554,val
image_1611,R1,1100,top-to-bottom-center-1,338,train
image_1612,R1,700,top-to-bottom-center,312,train
image_1613,R1,600,top-to-bottom-center,63,val
image_1614,R1,1100,top-to-bottom-center,302,val
image_1615,R1,800,top-to-bottom-center,473,val
image_1616,R1,900,top-to-bottom-center,126,train
image_1617,R7,700,middle,558,test_out
image_1618,R1,700,top-to-bottom-center,289,train
image_1619,R1,800,top-to-bottom-center,623,train
image_1620,R1,1100,top-to-bottom-center-1,481,train
image_1621,R1,700,top-to-bottom-center,618,train
image_1622,R1,1100,top-to-bottom-center,0,train
image_1623,R7,700,middle,100,test_out
image_1624,R1,900,top-to-bottom-center,316,val
image_1625,R1,1100,top-to-bottom-center,287,train
image_1626,R1,900,top-to-bottom-center,493,train
image_1627,R1,1100,top-to-bottom-center-1,174,train
image_1628,R7,700,middle,212,test_out
image_1629,R1,600,top-to-bottom-center,70,train
image_1630,R1,1000,top-to-bottom-center,338,train
image_1631,R1,1000,top-to-bottom-center,461,train
image_1632,R1,900,top-to-bottom-center,434,train
image_1633,R1,700,top-to-bottom-center,505,train
image_1634,R1,1100,top-to-bottom-center-1,387,train
image_1635,R1,1100,top-to-bottom-center,223,train
image_1636,R1,1000,top-to-bottom-center,384,train
image_1637,R1,900,top-to-bottom-center,316,val
image_1638,R1,1100,top-to-bottom-center,302,val
image_1639,R1,700,top-to-bottom-center,661,train
image_1640,R1,900,top-to-bottom-center,303,test_in
image_1641,R1,1000,top-to-bottom-center,458,train
image_1642,R1,800,top-to-bottom-center,454,train
image_1643,R1,1100,top-to-bottom-center-1,190,val
image_1644,R1,800,top-to-bottom-center,501,train
image_1645,R1,1100,top-to-bottom-center-1,470,train
image_1646,R7,700,middle,97,test_out
image_1647,R1,800,top-to-bottom-center,623,train
image_1648,R1,900,top-to-bottom-center,418,train
image_1649,R1,1100,top-to-bottom-center,205,val
image_1650,R1,1100,top-to-bottom-center,220,train
image_1651,R1,600,top-to-bottom-center,58,val
image_1652,R1,900,top-to-bottom-center,221,train
image_1653,R1,600,top-to-bottom-center,526,train
image_1654,R1,1000,top-to-bottom-center,8,val
image_1655,R1,800,top-to-bottom-center,501,train
image_1656,R1,1100,top-to-bottom-center-1,342,train
image_1657,R1,1100,top-to-bottom-center-1,342,train
image_1658,R1,1100,top-to-bottom-center-1,468,val
image_1659,R1,600,top-to-bottom-center,511,train
image_1660,R1,1000,top-to-bottom-center,170,train
image_1661,R1,800,top-to-bottom-center,526,val
image_1662,R1,900,top-to-bottom-center,611,train
image_1663,R1,700,top-to-bottom-center,289,train
image_1664,R1,700,top-to-bottom-center,279,train
image_1665,R1,900,top-to-bottom-center,512,train
image_1666,R1,700,top-to-bottom-center,364,val
image_1667,R1,1100,top-to-bottom-center-1,468,val
image_1668,R1,700,top-to-bottom-center,572,val
image_1669,R1,800,top-to-bottom-center,101,val
image_1670,R1,1100,top-to-bottom-center,144,test_in
image_1671,R1,800,top-to-bottom-center,316,train
image_1672,R1,700,top-to-bottom-center,289,train
image_1673,R1,700,top-to-bottom-center,228,train
image_1674,R1,800,top-to-bottom-center,6,train
image_1675,R7,700,middle,574,test_out
image_1676,R1,600,top-to-bottom-center,376,train
image_1677,R1,1100,top-to-bottom-center-1,161,train
image_1678,R1,900,top-to-bottom-center,564,train
image_1679,R1,1100,top-to-bottom-center-1,262,train
image_1680,R7,700,middle,260,test_out
image_1681,R1,600,top-to-bottom-center,631,train
image_1682,R1,1000,top-to-bottom-center,569,val
image_1683,R1,600,top-to-bottom-center,104,train
image_1684,R1,1100,top-to-bottom-center,245,train
image_1685,R1,1000,top-to-bottom-center,395,train
image_1686,R1,1100,top-to-bottom-center,191,val
image_1687,R1,700,top-to-bottom-center,590,train
image_1688,R1,700,top-to-bottom-center,373,test_in
image_1689,R1,600,top-to-bottom-center,611,val
image_1690,R1,1000,top-to-bottom-center,170,train
image_1691,R1,1000,top-to-bottom-center,180,train
image_1692,R1,1100,top-to-bottom-center,205,val
image_1693,R1,1100,top-to-bottom-center,308,test_in
image_1694,R7,700,middle,221,test_out
image_1695,R1,1000,top-to-bottom-center,225,train
image_1696,R1,900,top-to-bottom-center,444,train
image_1697,R7,700,middle,122,test_out
image_1698,R1,1100,top-to-bottom-center,161,val
image_1699,R1,700,top-to-bottom-center,597,train
image_1700,R1,1100,top-to-bottom-center,342,train
image_1701,R1,800,top-to-bottom-center,492,train
image_1702,R1,900,top-to-bottom-center,557,val
image_1703,R1,900,top-to-bottom-center,593,train
image_1704,R1,700,top-to-bottom-center,580,train
image_1705,R1,1100,top-to-bottom-center-1,250,train
image_1706,R1,900,top-to-bottom-center,251,train
image_1707,R1,600,top-to-bottom-center,511,train
image_1708,R1,800,top-to-bottom-center,89,train
image_1709,R1,1100,top-to-bottom-center-1,289,train
image_1710,R1,900,top-to-bottom-center,376,val
image_1711,R1,800,top-to-bottom-center,367,train
image_1712,R1,900,top-to-bottom-center,392,train
image_1713,R1,1000,top-to-bottom-center,458,train
image_1714,R1,900,top-to-bottom-center,194,train
image_1715,R1,1100,top-to-bottom-center,175,val
image_1716,R1,800,top-to-bottom-center,513,test_in
image_1717,R1,1100,top-to-bottom-center,218,train
image_1718,R1,1100,top-to-bottom-center,68,train
image_1719,R1,900,top-to-bottom-center,557,val
image_1720,R1,1000,top-to-bottom-center,395,train
image_1721,R1,700,top-to-bottom-center,225,test_in
image_1722,R1,600,top-to-bottom-center,594,train
image_1723,R1,1100,top-to-bottom-center-1,174,train
image_1724,R1,700,top-to-bottom-center,312,train
image_1725,R7,700,middle,520,test_out
image_1726,R1,600,top-to-bottom-center,203,train
image_1727,R1,1100,top-to-bottom-center-1,289,train
image_1728,R1,600,top-to-bottom-center,199,train
image_1729,R7,700,middle,566,test_out
image_1730,R1,700,top-to-bottom-center,329,train
image_1731,R1,1100,top-to-bottom-center,205,val
image_1732,R1,700,top-to-bottom-center,485,train
image_1733,R1,1100,top-to-bottom-center-1,250,train
image_1734,R1,700,top-to-bottom-center,618,train
image_1735,R1,1100,top-to-bottom-center-1,481,train
image_1736,R1,600,top-to-bottom-center,387,test_in
image_1737,R1,600,top-to-bottom-center,526,train
image_1738,R1,600,top-to-bottom-center,52,train
image_1739,R1,700,top-to-bottom-center,452,train
image_1740,R1,900,top-to-bottom-center,418,train
image_1741,R1,600,top-to-bottom-center,140,train
image_1742,R1,900,top-to-bottom-center,210,train
image_1743,R1,1100,top-to-bottom-center-1,169,train
image_1744,R1,800,top-to-bottom-center,408,train
image_1745,R1,900,top-to-bottom-center,564,train
image_1746,R1,1100,top-to-bottom-center,302,val
image_1747,R1,700,top-to-bottom-center,587,val
image_1748,R1,800,top-to-bottom-center,561,train
image_1749,R7,700,middle,512,test_out
image_1750,R1,700,top-to-bottom-center,364,val
image_1751,R1,900,top-to-bottom-center,263,train
image_1752,R1,900,top-to-bottom-center,288,train
image_1753,R1,800,top-to-bottom-center,288,val
image_1754,R1,1100,top-to-bottom-center,386,train
image_1755,R1,800,top-to-bottom-center,526,val
image_1756,R1,1100,top-to-bottom-center,179,train
image_1757,R1,900,top-to-bottom-center,194,train
image_1758,R1,700,top-to-bottom-center,312,train
image_1759,R7,700,middle,122,test_out
image_1760,R1,600,top-to-bottom-center,459,train
image_1761,R1,800,top-to-bottom-center,358,train
image_1762,R1,900,top-to-bottom-center,444,train
image_1763,R1,800,top-to-bottom-center,513,test_in
image_1764,R1,1100,top-to-bottom-center-1,205,val
image_1765,R1,800,top-to-bottom-center,413,train
image_1766,R7,700,middle,212,test_out
image_1767,R1,1100,top-to-bottom-center,167,val
image_1768,R1,900,top-to-bottom-center,444,train
image_1769,R1,1100,top-to-bottom-center,262,train
image_1770,R1,1100,top-to-bottom-center,223,train
image_1771,R1,1100,top-to-bottom-center,132,train
image_1772,R1,1000,top-to-bottom-center,338,train
image_1773,R1,800,top-to-bottom-center,412,train
image_1774,R7,700,middle,581,test_out
image_1775,R1,1100,top-to-bottom-center,144,test_in
image_1776,R1,1000,top-to-bottom-center,595,test_in
image_1777,R1,1000,top-to-bottom-center,134,train
image_1778,R1,600,top-to-bottom-center,408,train
image_1779,R1,700,top-to-bottom-center,648,train
image_1780,R1,700,top-to-bottom-center,312,train
image_1781,R1,1100,top-to-bottom-center-1,205,val
image_1782,R1,1100,top-to-bottom-center-1,45,val
image_1783,R1,900,top-to-bottom-center,251,train
image_1784,R1,600,top-to-bottom-center,594,train
image_1785,R1,1100,top-to-bottom-center,128,train
image_1786,R1,600,top-to-bottom-center,567,train
image_1787,R1,1100,top-to-bottom-center,245,train
image_1788,R1,1100,top-to-bottom-center,220,train
image_1789,R1,800,top-to-bottom-center,638,val
image_1790,R1,600,top-to-bottom-center,63,val
image_1791,R1,600,top-to-bottom-center,569,val
image_1792,R7,700,middle,221,test_out
image_1793,R1,700,top-to-bottom-center,426,train
image_1794,R1,800,top-to-bottom-center,561,train
image_1795,R1,700,top-to-bottom-center,347,val
image_1796,R1,1100,top-to-bottom-center,144,test_in
image_1797,R1,800,top-to-bottom-center,501,train
image_1798,R1,1000,top-to-bottom-center,585,train
image_1799,R1,700,top-to-bottom-center,452,train
image_1800,R1,1100,top-to-bottom-center,356,train
image_1801,R1,1100,top-to-bottom-center,83,train
image_1802,R1,1100,top-to-bottom-center,175,val
image_1803,R1,800,top-to-bottom-center,501,train
image_1804,R1,1100,top-to-bottom-center,277,train
image_1805,R1,700,top-to-bottom-center,263,val
image_1806,R1,1100,top-to-bottom-center-1,488,train
image_1807,R1,800,top-to-bottom-center,651,train
image_1808,R1,1100,top-to-bottom-center,361,train
image_1809,R1,1100,top-to-bottom-center,145,train
image_1810,R1,1100,top-to-bottom-center,52,train
image_1811,R1,1100,top-to-bottom-center-1,262,train
image_1812,R1,800,top-to-bottom-center,358,train
image_1813,R1,700,top-to-bottom-center,587,val
image_1814,R1,1000,top-to-bottom-center,260,train
image_1815,R1,1000,top-to-bottom-center,569,val
image_1816,R1,800,top-to-bottom-center,408,train
image_1817,R1,900,top-to-bottom-center,290,val
image_1818,R1,800,top-to-bottom-center,623,train
image_1819,R1,900,top-to-bottom-center,564,train
image_1820,R1,700,top-to-bottom-center,618,train
image_1821,R1,1100,top-to-bottom-center-1,169,train
image_1822,R1,1000,top-to-bottom-center,487,train
image_1823,R1,800,top-to-bottom-center,63,train
image_1824,R1,1100,top-to-bottom-center,281,train
image_1825,R7,700,middle,212,test_out
image_1826,R1,1100,top-to-bottom-center,370,train
image_1827,R1,700,top-to-bottom-center,51,val
image_1828,R1,900,top-to-bottom-center,263,train
image_1829,R1,900,top-to-bottom-center,288,train
image_1830,R1,1000,top-to-bottom-center,585,train
image_1831,R1,1100,top-to-bottom-center,205,val
image_1832,R7,700,middle,251,test_out
image_1833,R1,900,top-to-bottom-center,251,train
image_1834,R7,700,middle,553,test_out
image_1835,R1,800,top-to-bottom-center,492,train
image_1836,R1,700,top-to-bottom-center,347,val
image_1837,R1,900,top-to-bottom-center,512,train
image_1838,R1,600,top-to-bottom-center,569,val
image_1839,R1,900,top-to-bottom-center,166,train
image_1840,R1,600,top-to-bottom-center,51,train
image_1841,R1,800,top-to-bottom-center,638,val
image_1842,R1,600,top-to-bottom-center,412,val
image_1843,R1,1100,top-to-bottom-center-1,289,train
image_1844,R1,1100,top-to-bottom-center-1,267,train
image_1845,R1,1100,top-to-bottom-center,253,train
image_1846,R1,800,top-to-bottom-center,526,val
image_1847,R1,800,top-to-bottom-center,117,val
image_1848,R1,1100,top-to-bottom-center,281,train
image_1849,R1,700,top-to-bottom-center,673,train
image_1850,R1,600,top-to-bottom-center,58,val
image_1851,R1,600,top-to-bottom-center,555,test_in
image_1852,R1,900,top-to-bottom-center,221,train
image_1853,R1,1100,top-to-bottom-center,220,train
image_1854,R1,900,top-to-bottom-center,565,train
image_1855,R1,900,top-to-bottom-center,557,val
image_1856,R1,1100,top-to-bottom-center-1,397,train
image_1857,R1,600,top-to-bottom-center,87,train
image_1858,R1,1100,top-to-bottom-center-1,250,train
image_1859,R1,1100,top-to-bottom-center-1,225,val
image_1860,R1,1100,top-to-bottom-center,342,train
image_1861,R1,600,top-to-bottom-center,271,val
image_1862,R1,1100,top-to-bottom-center-1,502,train
image_1863,R1,900,top-to-bottom-center,557,val
image_1864,R1,900,top-to-bottom-center,275,train
image_1865,R1,700,top-to-bottom-center,387,train
image_1866,R1,600,top-to-bottom-center,569,val
image_1867,R1,700,top-to-bottom-center,242,train
image_1868,R1,1000,top-to-bottom-center,384,train
image_1869,R1,900,top-to-bottom-center,557,val
image_1870,R1,700,top-to-bottom-center,329,train
image_1871,R1,1100,top-to-bottom-center,193,train
image_1872,R1,900,top-to-bottom-center,376,val
image_1873,R1,1000,top-to-bottom-center,256,train
image_1874,R1,600,top-to-bottom-center,314,train
image_1875,R1,700,top-to-bottom-center,321,train
image_1876,R1,1100,top-to-bottom-center-1,397,train
image_1877,R1,800,top-to-bottom-center,627,val
image_1878,R1,1100,top-to-bottom-center-1,342,train
image_1879,R1,900,top-to-bottom-center,303,test_in
image_1880,R1,800,top-to-bottom-center,641,train
image_1881,R7,700,middle,221,test_out
image_1882,R1,700,top-to-bottom-center,41,train
image_1883,R1,600,top-to-bottom-center,591,train
image_1884,R1,1100,top-to-bottom-center-1,338,train
image_1885,R1,1100,top-to-bottom-center-1,387,train
image_1886,R1,800,top-to-bottom-center,608,train
image_1887,R1,700,top-to-bottom-center,306,train
image_1888,R1,800,top-to-bottom-center,253,train
image_1889,R1,1100,top-to-bottom-center,193,train
image_1890,R1,1100,top-to-bottom-center,384,val
image_1891,R1,1000,top-to-bottom-center,433,train
image_1892,R1,700,top-to-bottom-center,289,train
image_1893,R1,1100,top-to-bottom-center-1,161,train
image_1894,R1,900,top-to-bottom-center,179,val
image_1895,R1,1100,top-to-bottom-center-1,329,train
image_1896,R1,1000,top-to-bottom-center,585,train
image_1897,R1,600,top-to-bottom-center,459,train
image_1898,R1,1100,top-to-bottom-center-1,488,train
image_1899,R1,800,top-to-bottom-center,252,train
image_1900,R1,700,top-to-bottom-center,597,train
image_1901,R1,1100,top-to-bottom-center,183,val
image_1902,R1,1000,top-to-bottom-center,550,train
image_1903,R1,600,top-to-bottom-center,387,test_in
image_1904,R1,600,top-to-bottom-center,61,train
image_1905,R1,700,top-to-bottom-center,572,val
image_1906,R1,700,top-to-bottom-center,312,train
image_1907,R1,700,top-to-bottom-center,621,train
image_1908,R1,900,top-to-bottom-center,290,val
image_1909,R1,900,top-to-bottom-center,405,train
image_1910,R1,600,top-to-bottom-center,408,train
image_1911,R1,1100,top-to-bottom-center,161,val
image_1912,R1,1100,top-to-bottom-center-1,267,train
image_1913,R1,1100,top-to-bottom-center,262,train
image_1914,R1,1000,top-to-bottom-center,122,train
image_1915,R1,800,top-to-bottom-center,130,train
image_1916,R1,1100,top-to-bottom-center-1,241,train
image_1917,R1,800,top-to-bottom-center,255,train
image_1918,R1,1000,top-to-bottom-center,458,train
image_1919,R7,700,middle,120,test_out
image_1920,R1,1100,top-to-bottom-center-1,402,train
image_1921,R1,800,top-to-bottom-center,412,train
image_1922,R1,1100,top-to-bottom-center,386,train
image_1923,R1,700,top-to-bottom-center,673,train
image_1924,R1,800,top-to-bottom-center,631,train
image_1925,R1,1000,top-to-bottom-center,551,val
image_1926,R7,700,middle,100,test_out
image_1927,R1,900,top-to-bottom-center,405,train
image_1928,R1,800,top-to-bottom-center,412,train
image_1929,R1,1000,top-to-bottom-center,156,train
image_1930,R1,800,top-to-bottom-center,540,train
image_1931,R1,800,top-to-bottom-center,631,train
image_1932,R1,1100,top-to-bottom-center-1,447,train
image_1933,R1,1100,top-to-bottom-center,384,val
image_1934,R1,900,top-to-bottom-center,557,val
image_1935,R1,1100,top-to-bottom-center,287,train
image_1936,R1,900,top-to-bottom-center,263,train
image_1937,R1,1100,top-to-bottom-center,145,train
image_1938,R1,1100,top-to-bottom-center,345,train
image_1939,R1,600,top-to-bottom-center,356,train
image_1940,R1,600,top-to-bottom-center,79,train
image_1941,R1,1000,top-to-bottom-center,222,val
image_1942,R1,700,top-to-bottom-center,556,train
image_1943,R1,700,top-to-bottom-center,505,train
image_1944,R7,700,middle,97,test_out
image_1945,R1,600,top-to-bottom-center,432,train
image_1946,R7,700,middle,208,test_out
image_1947,R1,600,top-to-bottom-center,311,train
image_1948,R1,1100,top-to-bottom-center-1,468,val
image_1949,R1,1100,top-to-bottom-center,124,train
image_1950,R1,600,top-to-bottom-center,0,train
image_1951,R1,900,top-to-bottom-center,604,train
image_1952,R7,700,middle,120,test_out
image_1953,R7,700,middle,212,test_out
image_1954,R1,1100,top-to-bottom-center,372,train
image_1955,R1,800,top-to-bottom-center,358,train
image_1956,R1,900,top-to-bottom-center,210,train
image_1957,R1,1100,top-to-bottom-center-1,502,train
image_1958,R1,1100,top-to-bottom-center,52,train
image_1959,R7,700,middle,253,test_out
image_1960,R1,1000,top-to-bottom-center,170,train
image_1961,R1,800,top-to-bottom-center,108,train
image_1962,R1,900,top-to-bottom-center,194,train
image_1963,R1,1100,top-to-bottom-center,191,val
image_1964,R7,700,middle,97,test_out
image_1965,R1,1100,top-to-bottom-center-1,220,train
image_1966,R1,800,top-to-bottom-center,573,test_in
image_1967,R1,1100,top-to-bottom-center,144,test_in
image_1968,R1,600,top-to-bottom-center,372,train
image_1969,R1,1000,top-to-bottom-center,551,val
image_1970,R1,800,top-to-bottom-center,316,train
image_1971,R1,1100,top-to-bottom-center,128,train
image_1972,R1,1100,top-to-bottom-center,145,train
image_1973,R1,1100,top-to-bottom-center,179,train
image_1974,R1,1100,top-to-bottom-center,43,train
image_1975,R1,1000,top-to-bottom-center,570,train
image_1976,R7,700,middle,122,test_out
image_1977,R1,1000,top-to-bottom-center,395,train
image_1978,R1,1000,top-to-bottom-center,585,train
image_1979,R1,800,top-to-bottom-center,492,train
image_1980,R1,1000,top-to-bottom-center,551,val
image_1981,R1,1000,top-to-bottom-center,550,train
image_1982,R7,700,middle,1,test_out
image_1983,R1,1000,top-to-bottom-center,260,train
image_1984,R1,700,top-to-bottom-center,321,train
image_1985,R1,600,top-to-bottom-center,418,train
image_1986,R1,700,top-to-bottom-center,673,train
image_1987,R1,700,top-to-bottom-center,505,train
image_1988,R1,1100,top-to-bottom-center,128,train
image_1989,R1,800,top-to-bottom-center,479,train
image_1990,R1,800,top-to-bottom-center,339,train
image_1991,R1,1100,top-to-bottom-center-1,284,test_in
image_1992,R1,1000,top-to-bottom-center,256,train
image_1993,R1,900,top-to-bottom-center,332,train
image_1994,R1,1100,top-to-bottom-center,361,train
image_1995,R1,800,top-to-bottom-center,172,val
image_1996,R1,1100,top-to-bottom-center,77,train
image_1997,R1,1000,top-to-bottom-center,170,train
image_1998,R1,1100,top-to-bottom-center,262,train
image_1999,R1,900,top-to-bottom-center,251,train
image_2000,R1,700,top-to-bottom-center,289,train
image_2001,R1,700,top-to-bottom-center,387,train
image_2002,R1,700,top-to-bottom-center,587,val
image_2003,R1,700,top-to-bottom-center,387,train
image_2004,R1,900,top-to-bottom-center,604,train
image_2005,R1,900,top-to-bottom-center,493,train
image_2006,R1,600,top-to-bottom-center,376,train
image_2007,R1,700,top-to-bottom-center,334,train
image_2008,R1,1100,top-to-bottom-center-1,174,train
image_2009,R1,700,top-to-bottom-center,572,val
image_2010,R1,700,top-to-bottom-center,618,train
image_2011,R1,1000,top-to-bottom-center,287,train
image_2012,R1,1000,top-to-bottom-center,595,test_in
image_2013,R1,700,top-to-bottom-center,648,train
image_2014,R1,600,top-to-bottom-center,611,val
image_2015,R1,800,top-to-bottom-center,339,train
image_2016,R1,1100,top-to-bottom-center-1,387,train
image_2017,R1,900,top-to-bottom-center,275,train
image_2018,R1,1000,top-to-bottom-center,551,val
image_2019,R1,1100,top-to-bottom-center,77,train
image_2020,R1,700,top-to-bottom-center,618,train
image_2021,R1,1000,top-to-bottom-center,134,train
image_2022,R1,600,top-to-bottom-center,314,train
image_2023,R7,700,middle,558,test_out
image_2024,R1,900,top-to-bottom-center,290,val
image_2025,R1,1100,top-to-bottom-center,281,train
image_2026,R1,900,top-to-bottom-center,347,train
image_2027,R1,600,top-to-bottom-center,586,train
image_2028,R1,1100,top-to-bottom-center-1,220,train
image_2029,R1,1100,top-to-bottom-center-1,502,train
image_2030,R1,600,top-to-bottom-center,457,train
image_2031,R1,900,top-to-bottom-center,316,val
image_2032,R1,1000,top-to-bottom-center,585,train
image_2033,R1,900,top-to-bottom-center,288,train
image_2034,R1,600,top-to-bottom-center,486,test_in
image_2035,R1,1100,top-to-bottom-center-1,481,train
image_2036,R1,1100,top-to-bottom-center,161,val
image_2037,R1,1000,top-to-bottom-center,434,val
image_2038,R1,1100,top-to-bottom-center-1,470,train
image_2039,R1,1100,top-to-bottom-center,277,train
image_2040,R1,1000,top-to-bottom-center,550,train
image_2041,R1,1100,top-to-bottom-center,232,test_in
image_2042,R1,900,top-to-bottom-center,593,train
image_2043,R1,800,top-to-bottom-center,318,train
image_2044,R1,1100,top-to-bottom-center,370,train
image_2045,R1,1100,top-to-bottom-center,167,val
image_2046,R7,700,middle,500,test_out
image_2047,R1,1100,top-to-bottom-center,327,train
image_2048,R1,1000,top-to-bottom-center,222,val
image_2049,R1,1100,top-to-bottom-center,308,test_in
image_2050,R1,900,top-to-bottom-center,194,train
image_2051,R1,1100,top-to-bottom-center,177,train
image_2052,R1,800,top-to-bottom-center,651,train
image_2053,R1,900,top-to-bottom-center,376,val
image_2054,R1,700,top-to-bottom-center,289,train
image_2055,R1,1100,top-to-bottom-center,167,val
image_2056,R1,1100,top-to-bottom-center,370,train
image_2057,R1,1100,top-to-bottom-center-1,241,train
image_2058,R1,800,top-to-bottom-center,501,train
image_2059,R1,1100,top-to-bottom-center,124,train
image_2060,R1,900,top-to-bottom-center,303,test_in
image_2061,R1,900,top-to-bottom-center,10,train
image_2062,R1,1100,top-to-bottom-center,287,train
image_2063,R1,800,top-to-bottom-center,339,train
image_2064,R1,600,top-to-bottom-center,569,val
image_2065,R1,1100,top-to-bottom-center-1,402,train
image_2066,R1,700,top-to-bottom-center,198,train
image_2067,R1,600,top-to-bottom-center,407,train
image_2068,R1,1000,top-to-bottom-center,209,train
image_2069,R1,1000,top-to-bottom-center,222,val
image_2070,R1,600,top-to-bottom-center,51,train
image_2071,R1,600,top-to-bottom-center,387,test_in
image_2072,R7,700,middle,97,test_out
image_2073,R1,800,top-to-bottom-center,253,train
image_2074,R1,1000,top-to-bottom-center,338,train
image_2075,R1,600,top-to-bottom-center,459,train
image_2076,R1,1100,top-to-bottom-center-1,262,train
image_2077,R1,1000,top-to-bottom-center,134,train
image_2078,R1,1100,top-to-bottom-center-1,235,test_in
image_2079,R1,1000,top-to-bottom-center,384,train
image_2080,R1,1100,top-to-bottom-center,85,train
image_2081,R1,700,top-to-bottom-center,347,val
image_2082,R1,800,top-to-bottom-center,339,train
image_2083,R1,900,top-to-bottom-center,362,train
image_2084,R1,1100,top-to-bottom-center,287,train
image_2085,R1,600,top-to-bottom-center,525,train
image_2086,R1,700,top-to-bottom-center,373,test_in
image_2087,R1,1100,top-to-bottom-center,220,train
image_2088,R1,1100,top-to-bottom-center,356,train
image_2089,R1,700,top-to-bottom-center,242,train
image_2090,R1,600,top-to-bottom-center,140,train
image_2091,R1,900,top-to-bottom-center,207,val
image_2092,R1,900,top-to-bottom-center,303,test_in
image_2093,R1,1000,top-to-bottom-center,67,test_in
image_2094,R1,1100,top-to-bottom-center-1,402,train
image_2095,R1,1100,top-to-bottom-center-1,250,train
image_2096,R1,1100,top-to-bottom-center,144,test_in
image_2097,R1,1100,top-to-bottom-center,83,train
image_2098,R1,900,top-to-bottom-center,210,train
image_2099,R1,900,top-to-bottom-center,126,train
image_2100,R1,600,top-to-bottom-center,199,train
image_2101,R1,900,top-to-bottom-center,347,train
image_2102,R7,700,middle,558,test_out
image_2103,R1,1000,top-to-bottom-center,170,train
image_2104,R1,1100,top-to-bottom-center-1,225,val
image_2105,R1,900,top-to-bottom-center,347,train
image_2106,R1,800,top-to-bottom-center,413,train
image_2107,R1,1100,top-to-bottom-center-1,289,train
image_2108,R1,1100,top-to-bottom-center-1,289,train
image_2109,R1,1000,top-to-bottom-center,570,train
image_2110,R1,700,top-to-bottom-center,426,train
image_2111,R1,1000,top-to-bottom-center,585,train
image_2112,R1,1100,top-to-bottom-center-1,161,train
image_2113,R1,700,top-to-bottom-center,587,val
image_2114,R1,600,top-to-bottom-center,403,train
image_2115,R1,800,top-to-bottom-center,561,train
image_2116,R1,700,top-to-bottom-center,426,train
image_2117,R1,1100,top-to-bottom-center,345,train
image_2118,R7,700,middle,553,test_out
image_2119,R1,900,top-to-bottom-center,37,val
image_2120,R1,800,top-to-bottom-center,408,train
image_2121,R1,1000,top-to-bottom-center,461,train
image_2122,R1,1100,top-to-bottom-center,132,train
image_2123,R1,700,top-to-bottom-center,217,train
image_2124,R1,600,top-to-bottom-center,70,train
image_2125,R1,700,top-to-bottom-center,373,test_in
image_2126,R1,1100,top-to-bottom-center-1,280,val
image_2127,R1,1100,top-to-bottom-center,232,test_in
image_2128,R1,1100,top-to-bottom-center-1,205,val
image_2129,R7,700,middle,208,test_out
image_2130,R1,800,top-to-bottom-center,63,train
image_2131,R1,1100,top-to-bottom-center-1,190,val
image_2132,R1,1100,top-to-bottom-center,302,val
image_2133,R1,1100,top-to-bottom-center,286,train
image_2134,R1,1000,top-to-bottom-center,8,val
image_2135,R1,700,top-to-bottom-center,590,train
image_2136,R1,600,top-to-bottom-center,36,train
image_2137,R7,700,middle,581,test_out
image_2138,R1,800,top-to-bottom-center,627,val
image_2139,R1,600,top-to-bottom-center,199,train
image_2140,R1,800,top-to-bottom-center,304,test_in
image_2141,R1,1100,top-to-bottom-center,239,train
image_2142,R1,800,top-to-bottom-center,63,train
image_2143,R1,600,top-to-bottom-center,237,train
image_2144,R1,700,top-to-bottom-center,648,train
image_2145,R1,700,top-to-bottom-center,621,train
image_2146,R7,700,middle,120,test_out
image_2147,R1,1000,top-to-bottom-center,595,test_in
image_2148,R1,1100,top-to-bottom-center-1,267,train
image_2149,R1,800,top-to-bottom-center,46,val
image_2150,R1,800,top-to-bottom-center,253,train
image_2151,R1,700,top-to-bottom-center,127,train
image_2152,R1,1100,top-to-bottom-center-1,447,train
image_2153,R1,1100,top-to-bottom-center,372,train
image_2154,R1,900,top-to-bottom-center,405,train
image_2155,R1,1000,top-to-bottom-center,209,train
image_2156,R1,600,top-to-bottom-center,526,train
image_2157,R7,700,middle,1,test_out
image_2158,R1,800,top-to-bottom-center,479,train
image_2159,R1,600,top-to-bottom-center,394,train
image_2160,R1,800,top-to-bottom-center,413,train
image_2161,R1,1100,top-to-bottom-center,245,train
image_2162,R1,600,top-to-bottom-center,0,train
image_2163,R1,1100,top-to-bottom-center,356,train
image_2164,R1,1100,top-to-bottom-center-1,372,train
image_2165,R1,1100,top-to-bottom-center,86,val
image_2166,R1,700,top-to-bottom-center,570,train
image_2167,R1,700,top-to-bottom-center,182,val
image_2168,R1,800,top-to-bottom-center,288,val
image_2169,R1,1000,top-to-bottom-center,180,train
image_2170,R7,700,middle,566,test_out
image_2171,R1,1000,top-to-bottom-center,585,train
image_2172,R1,900,top-to-bottom-center,33,test_in
image_2173,R1,1000,top-to-bottom-center,461,train
image_2174,R1,800,top-to-bottom-center,499,train
image_2175,R1,1100,top-to-bottom-center-1,338,train
image_2176,R7,700,middle,500,test_out
image_2177,R1,800,top-to-bottom-center,499,train
image_2178,R1,600,top-to-bottom-center,567,train
image_2179,R1,1100,top-to-bottom-center-1,502,train
image_2180,R1,700,top-to-bottom-center,648,train
image_2181,R1,900,top-to-bottom-center,512,train
image_2182,R1,1100,top-to-bottom-center-1,169,train
image_2183,R1,800,top-to-bottom-center,638,val
image_2184,R1,700,top-to-bottom-center,334,train
image_2185,R1,600,top-to-bottom-center,75,train
image_2186,R1,700,top-to-bottom-center,590,train
image_2187,R1,800,top-to-bottom-center,413,train
image_2188,R1,700,top-to-bottom-center,572,val
image_2189,R1,1100,top-to-bottom-center-1,161,train
image_2190,R7,700,middle,512,test_out
image_2191,R1,1100,top-to-bottom-center-1,521,train
image_2192,R1,800,top-to-bottom-center,554,val
image_2193,R1,1100,top-to-bottom-center,183,val
image_2194,R1,900,top-to-bottom-center,444,train
image_2195,R1,600,top-to-bottom-center,596,train
image_2196,R1,800,top-to-bottom-center,526,val
image_2197,R1,600,top-to-bottom-center,457,train
image_2198,R1,900,top-to-bottom-center,493,train
image_2199,R1,1100,top-to-bottom-center,218,train
image_2200,R1,1000,top-to-bottom-center,134,train
image_2201,R1,600,top-to-bottom-center,79,train
image_2202,R1,1100,top-to-bottom-center,183,val
image_2203,R1,1000,top-to-bottom-center,99,train
image_2204,R1,700,top-to-bottom-center,426,train
image_2205,R1,1100,top-to-bottom-center,386,train
image_2206,R1,900,top-to-bottom-center,418,train
image_2207,R1,1100,top-to-bottom-center,205,val
image_2208,R1,600,top-to-bottom-center,61,train
image_2209,R1,1000,top-to-bottom-center,384,train
image_2210,R1,600,top-to-bottom-center,586,train
image_2211,R1,600,top-to-bottom-center,596,train
image_2212,R1,900,top-to-bottom-center,207,val
image_2213,R1,800,top-to-bottom-center,454,train
image_2214,R1,1000,top-to-bottom-center,173,train
image_2215,R1,700,top-to-bottom-center,621,train
image_2216,R1,900,top-to-bottom-center,392,train
image_2217,R1,1000,top-to-bottom-center,245,train
image_2218,R1,1100,top-to-bottom-center,239,train
image_2219,R1,700,top-to-bottom-center,270,train
image_2220,R1,700,top-to-bottom-center,347,val
image_2221,R1,700,top-to-bottom-center,556,train
image_2222,R1,800,top-to-bottom-center,98,train
image_2223,R1,900,top-to-bottom-center,434,train
image_2224,R1,900,top-to-bottom-center,251,train
image_2225,R1,1100,top-to-bottom-center,218,train
image_2226,R1,900,top-to-bottom-center,493,train
image_2227,R1,800,top-to-bottom-center,473,val
